채용사이트명,채용사이트_공고id,직무_대분류,직무_소분류,경력사항,회사명,근무지역(회사주소),회사로고이미지,공고제목,공고본문_타입,공고본문_raw,공고출처url,모집시작일,모집마감일,공고게시일,공고본문
자소설,96885,IT/인터넷,임시,임시,에코마케팅,임시,https://daoift3qrrnil.cloudfront.net/company_groups/images/000/006/091/webp/echo_logo_blue.webp?1684487221,백엔드 개발자(Python) 신입/Restart/경력 채용,img,,https://echomarketing.career.greetinghr.com/o/147790,2025-02-25T16:48:00.000+09:00,2025-03-06T23:59:00.000+09:00,2025-02-25T17:14:33.000+09:00,https://daoift3qrrnil.cloudfront.net/business_employment_companies/images/000/046/378/original/echo_logo_blue.png?1740469978
자소설,96882,IT/인터넷,임시,임시,피에스케이,임시,https://daoift3qrrnil.cloudfront.net/company_groups/images/000/004/023/webp/%EC%BA%A1%EC%B2%98.webp?1715336733,2025년 2월 수시모집,img,,https://psk.recruiter.co.kr/career/jobs/46613,2025-02-25T11:45:00.000+09:00,2025-03-03T23:55:00.000+09:00,2025-02-25T16:22:44.000+09:00,https://daoift3qrrnil.cloudfront.net/content_images/images/000/295/658/webp/2025%EB%85%84_2%EC%9B%94_%EC%88%98%EC%8B%9C%EB%AA%A8%EC%A7%91-.webp?1740452019
자소설,96879,IT/인터넷,임시,임시,야놀자,임시,https://daoift3qrrnil.cloudfront.net/company_groups/images/000/004/244/webp/Yanolja_Logo_Mono_Black_RGB_WIP.webp?1714013418,"MS PowerBI Engineer (1년, 육아휴직대체)",img,,https://careers.yanolja.co/,2025-02-25T15:30:00.000+09:00,2025-04-24T23:59:00.000+09:00,2025-02-25T15:59:37.000+09:00,https://daoift3qrrnil.cloudfront.net/business_employment_companies/images/000/046/371/original/Yanolja_Logo_Mono_Black_RGB_WIP.png?1740465136
자소설,96877,IT/인터넷,임시,임시,토스페이먼츠,임시,https://daoift3qrrnil.cloudfront.net/company_groups/images/000/011/994/webp/icon-toss-logo_%281%29.webp?1684488186,[비바리퍼블리카(토스) 자회사]Information Security Manager,img,,https://toss.im/career/job-detail?job_id=6023706003&company=%ED%86%A0%EC%8A%A4%ED%8E%98%EC%9D%B4%EB%A8%BC%EC%B8%A0&&utm_source=jasoseol&utm_medium=post&utm_campaign=2412_ISM,2025-02-25T15:35:00.000+09:00,2025-03-21T23:59:00.000+09:00,2025-02-25T15:47:01.000+09:00,https://daoift3qrrnil.cloudfront.net/content_images/images/000/295/699/webp/750ISM.webp?1740465414
자소설,96872,IT/인터넷,임시,임시,에코마케팅,임시,https://daoift3qrrnil.cloudfront.net/company_groups/images/000/006/091/webp/echo_logo_blue.webp?1684487221,DevOps 엔지니어 경력 채용,img,,https://echomarketing.career.greetinghr.com/o/147801,2025-02-25T12:50:00.000+09:00,2025-03-06T23:59:00.000+09:00,2025-02-25T12:58:26.000+09:00,https://daoift3qrrnil.cloudfront.net/business_employment_companies/images/000/046/368/original/echo_logo_blue.png?1740455702
자소설,96870,IT/인터넷,임시,임시,마이다스인,임시,https://daoift3qrrnil.cloudfront.net/company_groups/images/000/015/572/webp/%EB%A7%88%EC%9D%B4%EB%8B%A4%EC%8A%A4_%EB%A1%9C%EA%B3%A0.webp?1740381778,2025년 상반기 특별채용,img,,https://www.jobda.im/jobs/38582,2025-02-24T16:00:00.000+09:00,2025-03-07T14:00:00.000+09:00,2025-02-25T11:31:23.000+09:00,https://daoift3qrrnil.cloudfront.net/content_images/images/000/295/565/webp/_%EB%A7%88%EC%9D%B4%EB%8B%A4%EC%8A%A4%EC%9D%B8__%EC%8B%A0%EC%9E%85_%EB%B0%8F_%EA%B2%BD%EB%A0%A5_%EC%B1%84%EC%9A%A9.webp?1740380517
자소설,96860,IT/인터넷,임시,임시,엔코아,임시,https://daoift3qrrnil.cloudfront.net/company_groups/images/000/006/287/webp/ENCORE_type1.webp?1684487289,플레이데이터 풀스택 백엔드 부트캠프,img,,https://playdata.io/program_backend,2025-02-24T16:49:00.000+09:00,2025-03-18T23:59:00.000+09:00,2025-02-24T16:51:08.000+09:00,https://daoift3qrrnil.cloudfront.net/content_images/images/000/295/572/webp/%EC%97%94%EC%BD%94%EC%95%84_%EA%B3%B5%EA%B3%A0.webp?1740383404
자소설,96859,IT/인터넷,임시,임시,SK쉴더스,임시,https://daoift3qrrnil.cloudfront.net/company_groups/images/000/002/469/webp/172x172.webp?1725612409,[채용연계형]지능형 앱 개발자 양성과정 선착순 모집,img,,https://ssra.kr/info/digital-convergence,2025-02-24T16:06:00.000+09:00,2025-03-17T23:59:00.000+09:00,2025-02-24T16:25:45.000+09:00,https://daoift3qrrnil.cloudfront.net/content_images/images/000/295/567/webp/vsu53e8m.webp?1740381656
자소설,96857,IT/인터넷,임시,임시,동국제약,임시,https://daoift3qrrnil.cloudfront.net/company_groups/images/000/000/946/webp/open-uri20220621-12001-b6u6n0.webp?1684485294,신입/경력 채용(헬스케어/개발/글로벌/영업/마케팅/디자인) ~ 3/5,img,,https://dkpharm.recruiter.co.kr/career/jobs/46485,2025-02-24T00:00:00.000+09:00,2025-03-05T23:59:00.000+09:00,2025-02-24T15:15:20.000+09:00,https://dkpharm.recruiter.co.kr/upload/42971/image/202502/7c7f9ad5-ba45-44ef-8300-0b4667ff3fe0.jpg
자소설,96851,IT/인터넷,임시,임시,우리은행,임시,https://daoift3qrrnil.cloudfront.net/company_groups/images/000/000/001/webp/img_%281%29.webp?1698989125,2025년 상반기 신입행원 채용,img,,https://wooribank.careerlink.kr/,2025-02-25T10:00:00.000+09:00,2025-03-10T18:00:00.000+09:00,2025-02-24T10:26:24.000+09:00,https://daoift3qrrnil.cloudfront.net/content_images/images/000/295/461/webp/%EA%B8%B0%EC%97%85%EA%B0%9C%EC%9D%B8_vF.webp?1740360089
자소설,96850,IT/인터넷,임시,임시,포스코인터내셔널,임시,https://daoift3qrrnil.cloudfront.net/company_groups/images/000/000/059/webp/%ED%8F%AC%EC%8A%A4%EC%BD%94%EC%9D%B8%ED%84%B0%EB%82%B4%EC%85%94%EB%84%90_CI_jpg.webp?1698910453,2025년 상반기 경력직 채용,img,,https://recruit.posco.com/h22a01-front/H22A1001.html?id=414000,2025-02-24T10:00:00.000+09:00,2025-03-12T15:00:00.000+09:00,2025-02-24T10:12:16.000+09:00,https://daoift3qrrnil.cloudfront.net/content_images/images/000/295/452/webp/_%EC%B5%9C%EC%A2%85_25%EC%83%81_%ED%8F%AC%EC%8A%A4%EC%BD%94%EC%9D%B8%ED%84%B0%EB%82%B4%EC%85%94%EB%84%90_%EA%B2%BD%EB%A0%A5%EC%B1%84%EC%9A%A9_%EC%9B%B9%ED%94%8C%EB%9D%BC%EC%9D%B4%EC%96%B4.webp?1740359396
자소설,96848,IT/인터넷,임시,임시,SKC,임시,https://daoift3qrrnil.cloudfront.net/company_groups/images/000/002/623/webp/%EC%9D%B4%EB%AF%B8%EC%A7%80_38.webp?1684485946,2025 신입구성원 채용,img,,https://litt.ly/skcfamily,2025-02-24T13:00:00.000+09:00,2025-03-16T23:59:00.000+09:00,2025-02-24T09:48:14.000+09:00,https://daoift3qrrnil.cloudfront.net/content_images/images/000/295/446/webp/SKC_Family_%EC%9B%B9%ED%94%8C%EB%9D%BC%EC%9D%B4%EC%96%B4_F.webp?1740357831
자소설,96841,IT/인터넷,임시,임시,SJG그룹,임시,https://daoift3qrrnil.cloudfront.net/company_groups/images/000/015/570/webp/channels4_profile.webp?1740122532,2025 신입/경력직원 채용,img,,https://recruit.sjku.co.kr/,2025-02-24T10:00:00.000+09:00,2025-03-09T23:59:00.000+09:00,2025-02-21T16:22:08.000+09:00,https://daoift3qrrnil.cloudfront.net/content_images/images/000/295/324/webp/SJG_%EB%AA%A8%EC%A7%91%EC%9A%94%EA%B0%95(JD).webp?1740122311
자소설,96837,IT/인터넷,임시,임시,한국알프스,임시,https://daoift3qrrnil.cloudfront.net/company_groups/images/000/001/531/webp/%EC%95%8C%ED%94%84%EC%8A%A4.webp?1684485502,부문별 경력/신입 채용,img,,http://recruit.alps.co.kr,2025-02-22T00:00:00.000+09:00,2025-03-03T23:59:00.000+09:00,2025-02-21T15:50:35.000+09:00,https://daoift3qrrnil.cloudfront.net/content_images/images/000/295/454/webp/%ED%95%9C%EA%B5%AD%EC%95%8C%ED%94%84%EC%8A%A4_250224.webp?1740359713
자소설,96836,IT/인터넷,임시,임시,온더플래닛,임시,https://daoift3qrrnil.cloudfront.net/company_groups/images/000/011/597/webp/%EA%B8%B0%EB%B3%B8_%EB%A1%9C%EA%B3%A0.webp?1684488052,2025 하이패스 인턴십,img,,https://ontheplanet.ninehire.site/job_posting/kGg9D0JG,2025-02-21T13:00:00.000+09:00,2025-02-26T23:59:00.000+09:00,2025-02-21T15:02:18.000+09:00,https://daoift3qrrnil.cloudfront.net/content_images/images/000/295/273/webp/%E2%98%85_%EC%98%A8%EB%8D%94%ED%94%8C%EB%9E%98%EB%8B%9B_2025%EC%9D%B8%ED%84%B4%EC%B1%84%EC%9A%A9%EA%B3%B5%EA%B3%A0_%EC%B5%9C%EC%A2%85.webp?1740116485
자소설,96835,IT/인터넷,임시,임시,이노션,임시,https://daoift3qrrnil.cloudfront.net/company_groups/images/000/001/070/webp/b8334c4c-879f-430c-801c-b6bf52bd29c7.webp?1692252021,테크니컬 라이터(Technical Writer),img,,https://innocean.recruiter.co.kr/career/jobs/46347,2025-02-21T14:24:00.000+09:00,2025-03-03T23:59:00.000+09:00,2025-02-21T14:36:12.000+09:00,https://daoift3qrrnil.cloudfront.net/content_images/images/000/295/268/webp/%28%ED%94%84%EA%B3%84%29_%ED%85%8C%ED%81%AC%EB%8B%88%EC%BB%AC_%EB%9D%BC%EC%9D%B4%ED%84%B0%28Technical_Writer%29.webp?1740115564
자소설,96830,IT/인터넷,임시,임시,한국경제인협회,임시,https://daoift3qrrnil.cloudfront.net/company_groups/images/000/000/191/webp/9_%ED%95%9C%EA%B5%AD%EA%B2%BD%EC%A0%9C%EC%9D%B8%ED%98%91%ED%9A%8C_CI.webp?1740441366,2025년 상반기 신입 및 경력직원 공개채용,img,,https://dware.intojob.co.kr/main/fki.jsp,2025-02-22T00:00:00.000+09:00,2025-03-09T23:59:00.000+09:00,2025-02-21T13:16:02.000+09:00,https://daoift3qrrnil.cloudfront.net/content_images/images/000/295/313/webp/(%ED%95%9C%EA%B5%AD%EA%B2%BD%EC%A0%9C%EC%9D%B8%ED%98%91%ED%9A%8C)%EC%9B%B9%EA%B3%B5%EA%B3%A0_%EB%94%94%EC%9E%90%EC%9D%B8_%EC%B5%9C%EC%A2%85.webp?1740118411
자소설,96826,IT/인터넷,임시,임시,한국수출입은행,임시,https://daoift3qrrnil.cloudfront.net/company_groups/images/000/000/710/webp/0000344403_%ED%95%9C%EA%B5%AD%EC%88%98%EC%B6%9C%EC%9E%85%EC%9D%80%ED%96%89_185x72.webp?1684485245,2025년도 상반기 전문직행원(신입) 채용,img,,https://koreaexim.incruit.com/,2025-02-21T13:00:00.000+09:00,2025-03-10T10:00:00.000+09:00,2025-02-21T12:56:56.000+09:00,https://daoift3qrrnil.cloudfront.net/content_images/images/000/295/277/webp/%E1%84%92%E1%85%A1%E1%86%AB%E1%84%80%E1%85%AE%E1%86%A8%E1%84%89%E1%85%AE%E1%84%8E%E1%85%AE%E1%86%AF%E1%84%8B%E1%85%B5%E1%86%B8%E1%84%8B%E1%85%B3%E1%86%AB%E1%84%92%E1%85%A2%E1%86%BC_%E1%84%8B%E1%85%AC%E1%84%87%E1%85%AE.webp?1740116836
자소설,96822,IT/인터넷,임시,임시,인하대학교 미래인재개발원,임시,https://daoift3qrrnil.cloudfront.net/company_groups/images/000/014/757/webp/%EB%AF%B8%EB%9E%98%EC%9D%B8%EC%9E%AC%EA%B0%9C%EB%B0%9C%EC%9B%90_%EB%91%90%EC%A4%84_%ED%88%AC%ED%86%A4.webp?1684488797,게임업계 취업교육 훈련생 모집 (전액 국비무료/2025 K-디지털 트레이닝),img,,https://inhagame.modoo.at/,2025-02-20T16:46:00.000+09:00,2025-03-13T23:59:00.000+09:00,2025-02-21T09:48:50.000+09:00,https://daoift3qrrnil.cloudfront.net/content_images/images/000/295/194/webp/001.webp?1740099189
자소설,96819,IT/인터넷,임시,임시,한국사회보장정보원,임시,https://daoift3qrrnil.cloudfront.net/company_groups/images/000/004/213/webp/khwis7_0131_001.webp?1700665815,2025년도 제1차 직원 채용공고,img,,https://2025ssis.recruitlab.co.kr/,2025-02-20T09:00:00.000+09:00,2025-03-07T18:00:00.000+09:00,2025-02-20T17:15:06.000+09:00,https://daoift3qrrnil.cloudfront.net/content_images/images/000/295/149/webp/20250220_171500.webp?1740039368
자소설,96815,IT/인터넷,임시,임시,한국표준협회,임시,https://daoift3qrrnil.cloudfront.net/company_groups/images/000/000/782/webp/%EC%95%B0%EB%B8%94%EB%9F%BC1.webp?1684485266,2025년 1차 기간제 근로자 공개채용,img,,https://recruit.incruit.com/ksa,2025-02-20T16:00:00.000+09:00,2025-03-07T23:59:00.000+09:00,2025-02-20T15:48:13.000+09:00,https://daoift3qrrnil.cloudfront.net/content_images/images/000/295/090/webp/%EC%99%B8%EB%B6%80_%ED%95%9C%EA%B5%AD%ED%91%9C%EC%A4%80%ED%98%91%ED%9A%8C.webp?1740033929
자소설,96812,IT/인터넷,임시,임시,국민건강보험공단(h·well),임시,https://daoift3qrrnil.cloudfront.net/company_groups/images/000/000/221/webp/0003929092_%EA%B5%AD%EB%AF%BC%EA%B1%B4%EA%B0%95%EB%B3%B4%ED%97%98%EA%B3%B5%EB%8B%A8_185x72_%281%29.webp?1684484671,2025년도 상반기 신규직원 채용,img,,https://nhis.incruit.com/main/main.asp,2025-02-25T00:00:00.000+09:00,2025-03-06T17:00:00.000+09:00,2025-02-20T13:57:04.000+09:00,https://daoift3qrrnil.cloudfront.net/content_images/images/000/295/553/webp/%E1%84%80%E1%85%A5%E1%86%AB%E1%84%87%E1%85%A925_%E1%84%89%E1%85%AE%E1%84%8C%E1%85%A5%E1%86%BC.webp?1740378623
자소설,96810,IT/인터넷,임시,임시,비츠로그룹,임시,https://daoift3qrrnil.cloudfront.net/company_groups/images/000/002/867/webp/%EB%B9%84%EC%B8%A0%EB%A1%9C-3%EC%83%89_%EB%8C%80%ED%91%9C_%EC%83%81%EC%A7%95.webp?1740020694,2025년 상반기 신입 공채,img,,https://www.saramin.co.kr/zf_user/jobs/relay/view?rec_idx=50032140&view_type=etc,2025-02-20T08:42:00.000+09:00,2025-02-28T23:59:00.000+09:00,2025-02-20T11:36:03.000+09:00,https://daoift3qrrnil.cloudfront.net/content_images/images/000/294/970/webp/1.webp?1740011856
자소설,96808,IT/인터넷,임시,임시,디케이씨,임시,https://daoift3qrrnil.cloudfront.net/company_groups/images/000/005/498/webp/%E1%84%89%E1%85%B3%E1%84%8F%E1%85%B3%E1%84%85%E1%85%B5%E1%86%AB%E1%84%89%E1%85%A3%E1%86%BA_2017-07-03_%E1%84%8B%E1%85%A9%E1%84%92%E1%85%AE_5.32.54.webp?1684487001,DKC 해외영업팀/IT운영팀 대졸 신입/경력 사원 채용,img,,https://www.saramin.co.kr/zf_user/company-info/view-inner-recruit?csn=d3BsT0Rncm5MZWVwdVdmWlFBYVI0UT09,2025-02-20T11:00:00.000+09:00,2025-03-09T23:59:00.000+09:00,2025-02-20T11:15:57.000+09:00,https://daoift3qrrnil.cloudfront.net/content_images/images/000/294/986/webp/250220_%EC%B1%84%EC%9A%A9%ED%95%A9%EB%B3%B8.webp?1740016037
자소설,96807,IT/인터넷,임시,임시,파수,임시,https://daoift3qrrnil.cloudfront.net/company_groups/images/000/002/728/webp/Fasoo_Logo_main_300.webp?1684485985,25년 1차 신입 공개 채용,img,,https://recruit.fasoo.com,2025-02-24T00:00:00.000+09:00,2025-03-09T23:59:00.000+09:00,2025-02-20T11:12:48.000+09:00,https://daoift3qrrnil.cloudfront.net/content_images/images/000/294/995/webp/01._main.webp?1740016907
자소설,96806,IT/인터넷,임시,임시,깨끗한나라,임시,https://daoift3qrrnil.cloudfront.net/company_groups/images/000/001/479/webp/img_%2824%29.webp?1702368882,2025년 1분기 수시채용,img,,,2025-02-18T00:00:00.000+09:00,2025-03-04T23:59:00.000+09:00,2025-02-20T09:48:04.000+09:00,https://daoift3qrrnil.cloudfront.net/content_images/images/000/294/977/webp/1%EB%B6%84%EA%B8%B0_IT%EA%B8%B0%ED%9A%8D%ED%8C%80_%EB%B2%95%EB%AC%B4%ED%8C%8C%ED%8A%B8_%EA%B2%BD%EC%98%81%EA%B8%B0%ED%9A%8D%ED%8C%80_%EC%A0%9C%EC%A7%80%EC%83%9D%EC%82%B0%ED%8C%80_%EC%88%98%EC%8B%9C%EC%B1%84%EC%9A%A9%EA%B3%B5%EA%B3%A0.webp?1740012324
자소설,96802,IT/인터넷,임시,임시,이노션,임시,https://daoift3qrrnil.cloudfront.net/company_groups/images/000/001/070/webp/b8334c4c-879f-430c-801c-b6bf52bd29c7.webp?1692252021,CX플래닝,img,,https://innocean.recruiter.co.kr/career/jobs/46051,2025-02-20T08:44:00.000+09:00,2025-03-03T23:59:00.000+09:00,2025-02-20T08:55:37.000+09:00,https://daoift3qrrnil.cloudfront.net/content_images/images/000/294/955/webp/%28%ED%94%84%EA%B3%84%29_CX%ED%94%8C%EB%9E%98%EB%8B%9D.webp?1740008793
자소설,96801,IT/인터넷,임시,임시,이노션,임시,https://daoift3qrrnil.cloudfront.net/company_groups/images/000/001/070/webp/b8334c4c-879f-430c-801c-b6bf52bd29c7.webp?1692252021,플랫폼 기획/운영 (UX/UI),img,,https://innocean.recruiter.co.kr/career/jobs/46144,2025-02-20T08:43:00.000+09:00,2025-03-03T23:59:00.000+09:00,2025-02-20T08:52:44.000+09:00,https://daoift3qrrnil.cloudfront.net/content_images/images/000/294/980/webp/UI).webp?1740013438
자소설,96794,IT/인터넷,임시,임시,윈스,임시,https://daoift3qrrnil.cloudfront.net/company_groups/images/000/003/239/webp/%EC%9C%88%EC%8A%A4_%EA%B8%B0%EC%97%85%EB%A1%9C%EA%B3%A0.webp?1684486178,사이버 보안 전문인력 양성과정 교육생 6기 모집(부산),img,,https://wins21.recruiter.co.kr/career/home,2025-02-19T15:11:00.000+09:00,2025-03-05T23:59:00.000+09:00,2025-02-19T15:29:38.000+09:00,https://daoift3qrrnil.cloudfront.net/content_images/images/000/294/903/webp/%ED%8F%AC%EC%8A%A4%ED%84%B0_240219_6%EA%B8%B0_%EB%B6%80%EC%82%B0_%EA%B5%90%EC%9C%A1%EC%83%9D_v3.0.webp?1739945785
자소설,96789,IT/인터넷,임시,임시,이노션,임시,https://daoift3qrrnil.cloudfront.net/company_groups/images/000/001/070/webp/b8334c4c-879f-430c-801c-b6bf52bd29c7.webp?1692252021,Data Analyst (데이터 분석),img,,https://innocean.recruiter.co.kr/career/jobs/46118,2025-02-19T11:01:00.000+09:00,2025-03-03T23:59:00.000+09:00,2025-02-19T11:31:16.000+09:00,https://daoift3qrrnil.cloudfront.net/content_images/images/000/294/815/webp/%28%ED%94%84%EA%B3%84%29_Data_Analyst_%28%EB%8D%B0%EC%9D%B8%29.webp?1739930589
자소설,96788,IT/인터넷,임시,임시,이노션,임시,https://daoift3qrrnil.cloudfront.net/company_groups/images/000/001/070/webp/b8334c4c-879f-430c-801c-b6bf52bd29c7.webp?1692252021,마케팅 솔루션 구축 (Google Analytics 4),img,,https://innocean.recruiter.co.kr/career/jobs/46117,2025-02-19T10:56:00.000+09:00,2025-03-03T23:59:00.000+09:00,2025-02-19T11:03:45.000+09:00,https://daoift3qrrnil.cloudfront.net/content_images/images/000/294/813/webp/%28%ED%94%84%EA%B3%84%29_%EB%A7%88%EC%BC%80%ED%8C%85_%EC%86%94%EB%A3%A8%EC%85%98_%EA%B5%AC%EC%B6%95_%28Google_Analytic4%29.webp?1739930417
자소설,96773,IT/인터넷,임시,임시,야놀자클라우드고글로벌,임시,https://daoift3qrrnil.cloudfront.net/employment_companies/images/000/096/773/webp/Yanolja_Logo_Mono_Black_RGB_WIP.webp?1739844708,[야놀자 멤버사]  Full-Stack Developer,img,,https://careers.yanolja.co/o/141362,2025-02-18T10:59:00.000+09:00,2025-04-17T23:59:00.000+09:00,2025-02-18T11:11:48.000+09:00,https://daoift3qrrnil.cloudfront.net/business_employment_companies/images/000/046/284/original/Yanolja_Logo_Mono_Black_RGB_WIP.png?1739844039
자소설,96770,IT/인터넷,임시,임시,다우데이타,임시,https://daoift3qrrnil.cloudfront.net/company_groups/images/000/002/153/webp/%EB%A1%9C%EA%B3%A0%EB%B3%80%EA%B2%BD_%EB%8B%A4%EC%9A%B0%EB%8D%B0%EC%9D%B4%ED%83%80_%EA%B5%AD%EB%AC%B8.webp?1684485752,2025년 1분기 정기 채용,img,,https://daoudata.career.greetinghr.com/,2025-02-19T09:00:00.000+09:00,2025-03-03T23:59:00.000+09:00,2025-02-18T10:29:06.000+09:00,https://daoift3qrrnil.cloudfront.net/content_images/images/000/294/601/webp/2025%EB%85%84_1%EB%B6%84%EA%B8%B0_%EC%A0%95%EA%B8%B0%EC%B1%84%EC%9A%A9_%EB%8B%A4%EC%9A%B0%EB%8D%B0%EC%9D%B4%ED%83%80.webp?1739841934
자소설,96768,IT/인터넷,임시,임시,경방(타임스퀘어),임시,https://daoift3qrrnil.cloudfront.net/company_groups/images/000/014/311/webp/%EC%A3%BC%EC%8B%9D%ED%9A%8C%EC%82%AC-%EA%B2%BD%EB%B0%A9_0000552107_185x72.webp?1684488681,2025 채용 공고,img,,https://recruit.incruit.com/timessquare/job/2502130022,2025-02-18T00:00:00.000+09:00,2025-03-03T23:59:00.000+09:00,2025-02-18T09:30:27.000+09:00,https://daoift3qrrnil.cloudfront.net/content_images/images/000/294/556/webp/%ED%83%80%EC%9E%84%EC%8A%A4%ED%80%98%EC%96%B4_02.18_%28%EA%B3%BB%EA%B3%A0%29.webp?1739783103
자소설,96764,IT/인터넷,임시,임시,하나은행,임시,https://daoift3qrrnil.cloudfront.net/company_groups/images/000/000/242/webp/%ED%95%98%EB%82%98%EC%9D%80%ED%96%89_%EB%A1%9C%EA%B3%A0_%281%29.webp?1701312380,2025년 상반기 신입행원 채용,img,,https://hanabank.recruiter.co.kr/,2025-02-24T15:00:00.000+09:00,2025-03-17T18:00:00.000+09:00,2025-02-17T16:35:58.000+09:00,https://daoift3qrrnil.cloudfront.net/content_images/images/000/294/513/webp/250213_%ED%95%98%EB%82%98%EC%9D%80%ED%96%89_2025%EB%85%84_%EC%83%81%EB%B0%98%EA%B8%B0_%EC%B1%84%EC%9A%A9%EA%B3%B5%EA%B3%A0%EB%AC%B8_%EC%98%A8%EB%9D%BC%EC%9D%B8_%EC%B1%84%EC%9A%A9%EA%B3%B5%EA%B3%A0(%ED%96%89%EC%9B%90_A)_866x4850_pixel_300dpi_%EC%B5%9C%EC%A2%85.webp?1739777498
자소설,96763,IT/인터넷,임시,임시,IBK연금보험,임시,https://daoift3qrrnil.cloudfront.net/company_groups/images/000/003/273/webp/IBK%EC%97%B0%EA%B8%88%EB%B3%B4%ED%97%98_%EB%A1%9C%EA%B3%A0.webp?1684486192,2025년 상반기 주요직군 신입사원 공개 채용,img,,https://ibki.career.co.kr/jobs/,2025-02-17T09:00:00.000+09:00,2025-03-03T18:00:00.000+09:00,2025-02-17T16:35:42.000+09:00,https://daoift3qrrnil.cloudfront.net/content_images/images/000/294/557/webp/%EC%95%84%EC%9D%B4%EB%B9%84%EC%BC%80%EC%9D%B4%EC%97%B0%EA%B8%88%EB%B3%B4%ED%97%98_%EC%9E%90%EC%86%8C%EC%84%A4_20250217.webp?1739783414
자소설,96751,IT/인터넷,임시,임시,삼진제약,임시,https://daoift3qrrnil.cloudfront.net/company_groups/images/000/002/436/webp/%EC%82%BC%EC%A7%84%EC%A0%9C%EC%95%BD_%EB%A1%9C%EA%B3%A0%EC%84%9C%EC%B2%B4_%EA%B8%B0%EB%B3%B80%28%ED%88%AC%EB%AA%85%EB%B0%B0%EA%B2%BD%29.webp?1684485872,2025 상반기 수시채용,img,,https://samjinpharm.recruiter.co.kr/appsite/company/index,2025-02-14T16:00:00.000+09:00,2025-03-04T14:00:00.000+09:00,2025-02-14T18:32:00.000+09:00,https://daoift3qrrnil.cloudfront.net/content_images/images/000/294/399/webp/%EC%82%BC%EC%A7%84%EC%A0%9C%EC%95%BD_2025_%EC%83%81%EB%B0%98%EA%B8%B0_%EC%88%98%EC%8B%9C%EC%B1%84%EC%9A%A9_%EC%B5%9C%EC%A2%85.webp?1739751944
자소설,96745,IT/인터넷,임시,임시,경동나비엔,임시,https://daoift3qrrnil.cloudfront.net/company_groups/images/000/001/928/webp/%EA%B2%BD%EB%8F%99%EB%A1%9C%EA%B3%A0.webp?1684485660,상반기 공개채용,img,,https://recruit.kdfamily.co.kr/index.do,2025-02-14T17:00:00.000+09:00,2025-02-23T23:59:00.000+09:00,2025-02-14T16:56:25.000+09:00,https://daoift3qrrnil.cloudfront.net/content_images/images/000/294/400/webp/%EA%B2%BD%EB%8F%99%EC%B1%84%EC%9A%A9%EA%B3%B5%EA%B3%A0%EB%AC%B8_250217.webp?1739751973
자소설,96743,IT/인터넷,임시,임시,키움증권,임시,https://daoift3qrrnil.cloudfront.net/company_groups/images/000/000/236/webp/%ED%82%A4%EC%9B%80%EC%A6%9D%EA%B6%8C_%EB%A1%9C%EA%B3%A0.webp?1684484676,키움 디지털 아카데미 1기생 모집,img,,http://www.kiwoomda.com/,2025-02-17T00:00:00.000+09:00,2025-03-21T23:59:00.000+09:00,2025-02-14T16:36:36.000+09:00,https://daoift3qrrnil.cloudfront.net/content_images/images/000/294/264/webp/%EC%B5%9C%EC%A2%85_%ED%8F%AC%EC%8A%A4%ED%84%B0_V2.webp?1739520341
자소설,96738,IT/인터넷,임시,임시,KT스카이라이프,임시,https://daoift3qrrnil.cloudfront.net/company_groups/images/000/002/531/webp/DC4X262Y5RDWTOHCUV7LUYSAIM.webp?1699953134,2025년 신입·경력직 공개채용,img,,https://job.incruit.com/jobdb_info/jobpost.asp?job=2502140000957,2025-02-14T15:00:00.000+09:00,2025-02-25T18:00:00.000+09:00,2025-02-14T15:09:15.000+09:00,https://daoift3qrrnil.cloudfront.net/content_images/images/000/295/311/webp/%E1%84%89%E1%85%B3%E1%84%8F%E1%85%A1%E1%84%8B%E1%85%B5%E1%84%85%E1%85%A1%E1%84%8B%E1%85%B5%E1%84%91%E1%85%B3_%E1%84%8B%E1%85%AC%E1%84%87%E1%85%AE_(10)_(2).webp?1740117617
자소설,96733,IT/인터넷,임시,임시,인천공항시설관리,임시,https://daoift3qrrnil.cloudfront.net/company_groups/images/000/011/834/webp/%EA%B5%AD%EC%98%81%EB%AC%B8_%EC%A2%8C%EC%9A%B0%EC%A1%B0%ED%95%A9B.webp?1684488132,2025년 제1차 정기채용,img,,https://airportfc.scout.co.kr/,2025-02-14T18:00:00.000+09:00,2025-02-24T10:00:00.000+09:00,2025-02-14T13:30:53.000+09:00,https://daoift3qrrnil.cloudfront.net/content_images/images/000/294/258/webp/%EC%9D%B8%EC%B2%9C%EA%B3%B5%ED%95%AD%EC%8B%9C%EC%84%A4%EA%B4%80%EB%A6%AC(%EC%A3%BC)_2025%EB%85%84_%EC%A0%9C1%EC%B0%A8_%EC%A0%95%EA%B8%B0%EC%B1%84%EC%9A%A9_%EC%B1%84%EC%9A%A9%EA%B3%B5%EA%B3%A0%EB%AC%B8(%EC%88%98%EC%A0%95).webp?1739518608
자소설,96731,IT/인터넷,임시,임시,에코마케팅,임시,https://daoift3qrrnil.cloudfront.net/company_groups/images/000/006/091/webp/echo_logo_blue.webp?1684487221,자사몰 운영 퍼블리셔 신입/경력 채용,img,,https://echomarketing.career.greetinghr.com/o/146383,2025-02-13T14:25:00.000+09:00,2025-02-23T23:59:00.000+09:00,2025-02-14T11:40:50.000+09:00,https://daoift3qrrnil.cloudfront.net/content_images/images/000/293/954/webp/%EC%9B%A8%EC%9D%BC%EC%BA%A1%EC%B3%90.webp?1739424676
자소설,96726,IT/인터넷,임시,임시,로지스올,임시,https://daoift3qrrnil.cloudfront.net/company_groups/images/000/004/460/webp/%EB%A1%9C%EC%A7%80%EC%8A%A4%EC%98%AC_01.webp?1728872154,신입/경력사원 채용,img,,https://logisall.recruiter.co.kr/career/home,2025-02-14T09:42:00.000+09:00,2025-02-27T23:59:00.000+09:00,2025-02-14T09:52:29.000+09:00,https://daoift3qrrnil.cloudfront.net/content_images/images/000/294/125/webp/250214_%EB%A1%9C%EC%A7%80%EC%8A%A4%EC%98%AC_%EA%B7%B8%EB%A3%B9_%EC%B1%84%EC%9A%A9_%EC%9D%B4%EB%AF%B8%EC%A7%80_%EC%88%98%EC%A0%95%EB%B3%B8_2(%EC%83%81%EB%8B%A8_%EC%9D%B4%EB%AF%B8%EC%A7%80_%EC%B6%94%EA%B0%80_%EC%88%98%EC%A0%95_(1).webp?1739499613
자소설,96720,IT/인터넷,임시,임시,파라타항공,임시,https://daoift3qrrnil.cloudfront.net/company_groups/images/000/015/563/webp/8b64f296-e761-46e7-8100-f5e687d3fa0c.webp?1739432732,2025년 상반기 부문별 공개 채용,img,,https://parataair.recruiter.co.kr/career/jobs/44179?utm_source=jasoseol&utm_medium=career&utm_campaign=2502parata,2025-02-13T16:00:00.000+09:00,2025-02-26T18:00:00.000+09:00,2025-02-13T16:45:32.000+09:00,https://daoift3qrrnil.cloudfront.net/content_images/images/000/294/035/webp/%EA%B3%B5%EA%B0%9C%EC%B1%84%EC%9A%A9-001_(4).webp?1739437159
자소설,96718,IT/인터넷,임시,임시,새만금개발공사,임시,https://daoift3qrrnil.cloudfront.net/company_groups/images/000/007/140/webp/l_2018103001003714200287481.webp?1684487569,2025년도 정기채용 공고,img,,https://sdco.recruitlab.co.kr/,2025-02-13T15:00:00.000+09:00,2025-02-26T15:00:00.000+09:00,2025-02-13T15:29:53.000+09:00,https://daoift3qrrnil.cloudfront.net/content_images/images/000/293/972/webp/%EA%B3%B5%EA%B3%A0%EB%AC%B8(PNG).webp?1739427859
자소설,96717,IT/인터넷,임시,임시,구글코리아,임시,https://daoift3qrrnil.cloudfront.net/company_groups/images/000/000/909/webp/img_%2816%29.webp?1699321040,Data Center Technician,img,,https://goo.gle/4jW8MfC,2025-02-13T13:39:00.000+09:00,2025-04-12T23:59:00.000+09:00,2025-02-13T14:18:55.000+09:00,https://daoift3qrrnil.cloudfront.net/business_employment_companies/images/000/046/238/original/%E1%84%85%E1%85%A9%E1%84%80%E1%85%A9.jpg?1739422457
자소설,96715,IT/인터넷,임시,임시,SGI신용정보,임시,https://daoift3qrrnil.cloudfront.net/company_groups/images/000/007/961/webp/%ED%9A%8C%EC%82%AC_CI.webp?1684487760,채용형 인턴사원 채용,img,,https://sgicic.ninehire.site/recruit,2025-02-17T00:00:00.000+09:00,2025-03-02T23:59:00.000+09:00,2025-02-13T13:27:14.000+09:00,https://daoift3qrrnil.cloudfront.net/content_images/images/000/294/236/webp/2025_%EC%B1%84%EC%9A%A9%EA%B3%B5%EA%B3%A0(%EC%88%98%EC%A0%952)_(1)_page-0001_(1).webp?1739515128
자소설,96704,IT/인터넷,임시,임시,어플라이드 머티어리얼즈 코리아,임시,https://daoift3qrrnil.cloudfront.net/company_groups/images/000/003/070/webp/Appliedlogo_blue_102021_%281%29.webp?1684486107,신입 엔지니어 채용_학사/석사/박사,img,,https://appliedkorea.applyin.co.kr/jobs/,2025-02-12T09:00:00.000+09:00,2025-02-28T17:00:00.000+09:00,2025-02-12T16:29:54.000+09:00,https://daoift3qrrnil.cloudfront.net/content_images/images/000/294/251/webp/%EC%9E%90%EC%86%8C%EC%84%A4_2025_20250214_1.webp?1739517423
자소설,96697,IT/인터넷,임시,임시,서울도시철도그린환경,임시,https://daoift3qrrnil.cloudfront.net/company_groups/images/000/012/503/webp/%EC%84%9C%EC%9A%B8%EB%8F%84%EC%8B%9C%EC%B2%A0%EB%8F%84%EA%B7%B8%EB%A6%B0%ED%99%98%EA%B2%BD_%EC%83%81%ED%95%98%EC%A1%B0%ED%95%A9.webp?1739342918,2025년 사무직 공개채용,img,,http://smrtgen.incruit.com,2025-02-13T10:00:00.000+09:00,2025-02-25T10:00:00.000+09:00,2025-02-12T14:49:38.000+09:00,https://daoift3qrrnil.cloudfront.net/content_images/images/000/293/796/webp/1._2025%EB%85%84_%EC%82%AC%EB%AC%B4%EC%A7%81_%EA%B3%B5%EA%B0%9C%EC%B1%84%EC%9A%A9_%EA%B3%B5%EA%B3%A0%EB%AC%B8.pdf_page_1.webp?1739337495
자소설,96694,IT/인터넷,임시,임시,유디에스,임시,https://daoift3qrrnil.cloudfront.net/company_groups/images/000/011/196/webp/uds_logo.webp?1684487952,2025년 1분기 신입/경력 채용,img,,https://www.saramin.co.kr/zf_user/company-info/view-inner-recruit?csn=cHlTV0w1VDJTaTEzUmVYOFMwS3VXdz09,2025-02-12T13:30:00.000+09:00,2025-02-28T23:59:00.000+09:00,2025-02-12T13:25:16.000+09:00,https://daoift3qrrnil.cloudfront.net/content_images/images/000/293/784/webp/2025%EB%85%84-1%EB%B6%84%EA%B8%B0-%EC%B1%84%EC%9A%A9%EA%B3%B5%EA%B3%A0_250211.webp?1739333653
자소설,96678,IT/인터넷,임시,임시,더존비즈온,임시,https://daoift3qrrnil.cloudfront.net/company_groups/images/000/003/053/webp/20220628_111603.webp?1684486099,AX 서비스 개발 신입사원 양성과정,img,,https://axcamp.douzone.com/,2025-02-25T00:00:00.000+09:00,2025-03-12T23:59:00.000+09:00,2025-02-11T17:24:44.000+09:00,https://daoift3qrrnil.cloudfront.net/content_images/images/000/293/669/webp/%EB%8D%94%EC%A1%B4_AX_%EC%84%9C%EB%B9%84%EC%8A%A4_%EC%95%84%ED%82%A4%ED%85%8D%ED%8A%B8_%EC%96%91%EC%84%B1%EA%B3%BC%EC%A0%95_1%EA%B8%B0_%EB%A9%94%EC%9D%B8_%ED%8F%AC%EC%8A%A4%ED%84%B0-1.webp?1739262244
자소설,96671,IT/인터넷,임시,임시,야놀자,임시,https://daoift3qrrnil.cloudfront.net/company_groups/images/000/004/244/webp/Yanolja_Logo_Mono_Black_RGB_WIP.webp?1714013418,DBA,img,,https://careers.yanolja.co/o/128435,2025-02-11T14:09:00.000+09:00,2025-04-10T23:59:00.000+09:00,2025-02-11T15:52:00.000+09:00,https://daoift3qrrnil.cloudfront.net/business_employment_companies/images/000/046/197/original/Yanolja_Logo_Mono_Black_RGB_WIP.png?1739250587
자소설,96670,IT/인터넷,임시,임시,유한양행,임시,https://daoift3qrrnil.cloudfront.net/company_groups/images/000/001/295/webp/%EC%9C%A0%ED%95%9C%EC%96%91%ED%96%89_%ED%95%9C%EA%B8%80%EB%A1%9C%EA%B3%A0_%EC%84%B8%EB%A1%9C%ED%98%95.webp?1684485408,2025년 신입/경력 사원채용 ,img,,https://yuhan.recruiter.co.kr/career/apply,2025-02-11T16:00:00.000+09:00,2025-02-23T11:00:00.000+09:00,2025-02-11T15:39:45.000+09:00,https://daoift3qrrnil.cloudfront.net/content_images/images/000/293/899/webp/%EA%B3%B5%EA%B3%A0%EB%AC%B8-%EC%9C%A0%ED%95%9C%EC%96%91%ED%96%89-%ED%86%B5%ED%95%A9%EB%B3%B8_(5).webp?1739409579
자소설,96668,IT/인터넷,임시,임시,한국인터넷진흥원,임시,https://daoift3qrrnil.cloudfront.net/company_groups/images/000/001/164/webp/%EC%9D%B4%EB%AF%B8%EC%A7%80_3.webp?1684485349,2025년 공무직 채용,img,,https://kisa.applyin.co.kr/,2025-02-11T11:00:00.000+09:00,2025-02-26T10:00:00.000+09:00,2025-02-11T15:19:49.000+09:00,https://daoift3qrrnil.cloudfront.net/content_images/images/000/293/631/webp/02.%EA%B3%B5%EB%AC%B4%EC%A7%81_%EC%B1%84%EC%9A%A9%EA%B3%B5%EA%B3%A0%EB%AC%B8.webp?1739253918
자소설,96666,IT/인터넷,임시,임시,한국인터넷진흥원,임시,https://daoift3qrrnil.cloudfront.net/company_groups/images/000/001/164/webp/%EC%9D%B4%EB%AF%B8%EC%A7%80_3.webp?1684485349,"2025년 채용형 인턴(일반경쟁, 고졸제한, 장애제한) 채용",img,,https://kisa.applyin.co.kr/,2025-02-11T11:00:00.000+09:00,2025-02-26T10:00:00.000+09:00,2025-02-11T14:41:47.000+09:00,https://daoift3qrrnil.cloudfront.net/content_images/images/000/293/614/webp/01.%EC%B1%84%EC%9A%A9%ED%98%95%EC%9D%B8%ED%84%B4_%EC%B1%84%EC%9A%A9%EA%B3%B5%EA%B3%A0%EB%AC%B8.webp?1739252458
자소설,96662,IT/인터넷,임시,임시,더존비즈온,임시,https://daoift3qrrnil.cloudfront.net/company_groups/images/000/003/053/webp/20220628_111603.webp?1684486099,"[IDC 운영, 관리] IT 시스템 운영, 서버 인프라 관리 담당 채용",img,,https://recruit.douzone.com/,2025-02-11T11:48:00.000+09:00,2025-02-25T23:00:00.000+09:00,2025-02-11T13:07:09.000+09:00,https://daoift3qrrnil.cloudfront.net/content_images/images/000/293/586/webp/IDC%EC%9A%B4%EC%98%81__%EC%84%9C%EB%B2%84_%EC%9D%B8%ED%94%84%EB%9D%BC_%EA%B4%80%EB%A6%AC_%EB%8B%B4%EB%8B%B9%EC%9E%90_%EC%B1%84%EC%9A%A9_%EA%B3%B5%EA%B3%A0%EC%9D%B4%EB%AF%B8%EC%A7%80_v1.0.webp?1739242256
자소설,96659,IT/인터넷,임시,임시,이노션,임시,https://daoift3qrrnil.cloudfront.net/company_groups/images/000/001/070/webp/b8334c4c-879f-430c-801c-b6bf52bd29c7.webp?1692252021,글로벌 플랫폼(Web/App) 기획/운영,img,,https://innocean.recruiter.co.kr/career/jobs/45011,2025-02-10T17:03:00.000+09:00,2025-02-18T23:59:00.000+09:00,2025-02-10T17:09:30.000+09:00,https://daoift3qrrnil.cloudfront.net/content_images/images/000/293/532/webp/%ED%94%8C%EB%9E%AB%ED%8F%BC_%EA%B8%B0%ED%9A%8D_%EC%9A%B4%EC%98%81%281%EB%85%84%29.webp?1739174777
자소설,96658,IT/인터넷,임시,임시,한국전파진흥협회,임시,https://daoift3qrrnil.cloudfront.net/company_groups/images/000/003/689/webp/rapa.webp?1684486356,AWS CLOUD SCHOOL 클래스메이트 9기 모집,img,,https://edu.rapa.or.kr/recruitment/1250,2025-01-25T00:00:00.000+09:00,2025-02-12T09:00:00.000+09:00,2025-02-10T15:56:09.000+09:00,https://daoift3qrrnil.cloudfront.net/content_images/images/000/293/514/webp/AWS_9%EA%B8%B0_%ED%8F%AC%EC%8A%A4%ED%84%B0.webp?1739170528
자소설,96651,IT/인터넷,임시,임시,이노션,임시,https://daoift3qrrnil.cloudfront.net/company_groups/images/000/001/070/webp/b8334c4c-879f-430c-801c-b6bf52bd29c7.webp?1692252021,GA4 Solution Engineer,img,,https://innocean.recruiter.co.kr/app/jobnotice/view?systemKindCode=MRS2&jobnoticeSn=154597,2025-02-10T11:01:00.000+09:00,2025-02-23T23:59:00.000+09:00,2025-02-10T11:27:52.000+09:00,https://daoift3qrrnil.cloudfront.net/content_images/images/000/293/437/webp/%28%ED%94%84%EA%B3%84%29_GA4_Solution_Engineer_%281%EB%85%84%29.webp?1739153145
자소설,96648,IT/인터넷,임시,임시,밀버스,임시,https://daoift3qrrnil.cloudfront.net/company_groups/images/000/013/874/webp/%EB%B0%80%EB%B2%84%EC%8A%A4_new_logo.webp?1684488579,2025년 부문별 공채,img,,https://www.saramin.co.kr/zf_user/jobs/view?rec_idx=49940746&view_type=etc&ref=recruit_manage,2025-02-10T09:48:00.000+09:00,2025-03-31T23:59:00.000+09:00,2025-02-10T10:06:23.000+09:00,https://daoift3qrrnil.cloudfront.net/content_images/images/000/293/922/webp/%EC%8B%A0%EC%9E%85%EA%B3%B5%EC%B1%84-JD_%EC%9E%90%EC%86%8C%EC%84%A4%EB%8B%B7%EC%BB%B4_(1).webp?1739416263
자소설,96647,IT/인터넷,임시,임시,티케이지태광,임시,https://daoift3qrrnil.cloudfront.net/company_groups/images/000/002/105/webp/data.webp?1684485732,`25년 1분기 신입사원 수시 채용,img,,https://tkg.recruiter.co.kr/career/home?utm_source=jasoseol&utm_medium=ads,2025-02-10T09:00:00.000+09:00,2025-02-23T23:59:00.000+09:00,2025-02-10T09:51:12.000+09:00,https://daoift3qrrnil.cloudfront.net/content_images/images/000/293/369/webp/25%EB%85%84_2%EC%9B%94_%EC%88%98%EC%8B%9C%EC%B1%84%EC%9A%A9_%EA%B3%B5%EA%B3%A0.webp?1739148562
자소설,96646,IT/인터넷,임시,임시,화승코퍼레이션,임시,https://daoift3qrrnil.cloudfront.net/company_groups/images/000/013/639/webp/%ED%99%94%EC%8A%B9%EC%BD%94%ED%8D%BC%EB%A0%88%EC%9D%B4%EC%85%98_ci.webp?1697438117,2025년 상반기 신입/경력 채용,img,,https://hwaseung.recruiter.co.kr/career/jobs/44906?utm_source=jasosoel&utm_medium=career&utm_campaign=2502hwaseung,2025-02-10T09:40:00.000+09:00,2025-02-20T23:59:00.000+09:00,2025-02-10T09:44:31.000+09:00,https://daoift3qrrnil.cloudfront.net/content_images/images/000/293/368/webp/%ED%99%94%EC%8A%B9%EC%BD%94%ED%8D%BC%EB%A0%88%EC%9D%B4%EC%85%98_%EC%88%98%EC%A0%952.webp?1739148099
자소설,96639,IT/인터넷,임시,임시,웅진,임시,https://daoift3qrrnil.cloudfront.net/company_groups/images/000/004/279/webp/data.webp?1684486591,2025년 상반기 채용연계형 인턴 (모집부문: 정보보호 솔루션 운영 ),img,,https://woongjinit-recruiter.career.greetinghr.com/o/145925,2025-02-10T00:00:00.000+09:00,2025-02-19T23:59:00.000+09:00,2025-02-07T17:54:21.000+09:00,https://daoift3qrrnil.cloudfront.net/content_images/images/000/293/283/webp/%EC%9B%85%EC%A7%84_2025%EC%83%81%EB%B0%98%EA%B8%B0%EC%9D%B8%ED%84%B4%EC%B1%84%EC%9A%A9%EA%B3%B5%EA%B3%A0_%EC%B5%9C%EC%A2%85.webp?1738918419
자소설,96635,IT/인터넷,임시,임시,KT,임시,https://daoift3qrrnil.cloudfront.net/company_groups/images/000/001/878/webp/KT%EB%A1%9C%EA%B3%A0_%281%29.webp?1684485639,2025년도 가을학기 AI석사과정 신입생 모집,img,,https://recruit.kt.com/careers/204956,2025-01-20T00:00:00.000+09:00,2025-02-19T16:00:00.000+09:00,2025-02-07T16:40:18.000+09:00,https://daoift3qrrnil.cloudfront.net/content_images/images/000/293/258/webp/_4._KT_2025_%EA%B0%80%EC%9D%84%ED%95%99%EA%B8%B0_AI%EC%84%9D%EC%82%AC%EA%B3%BC%EC%A0%95_%EA%B3%B5%EA%B3%A0%EB%AC%B8_f.webp?1738913949
자소설,96632,IT/인터넷,임시,임시,이노션,임시,https://daoift3qrrnil.cloudfront.net/company_groups/images/000/001/070/webp/b8334c4c-879f-430c-801c-b6bf52bd29c7.webp?1692252021,닷컴 플랫폼 운영 (Web Platform Specialist),img,,https://innocean.recruiter.co.kr/app/jobnotice/view?systemKindCode=MRS2&jobnoticeSn=154597,2025-02-07T13:56:00.000+09:00,2025-02-23T23:59:00.000+09:00,2025-02-07T14:59:09.000+09:00,https://daoift3qrrnil.cloudfront.net/content_images/images/000/293/227/webp/%28%EC%9D%BC%EA%B3%84%29_%EB%8B%B7%EC%BB%B4_%ED%94%8C%EB%9E%AB%ED%8F%BC_%EC%9A%B4%EC%98%81_%28Web_Platform_Specialist%29__%281%EB%85%84%29.webp?1738906907
자소설,96630,IT/인터넷,임시,임시,한국뇌연구원,임시,https://daoift3qrrnil.cloudfront.net/company_groups/images/000/001/997/webp/%EC%BA%A1%EC%B2%981.webp?1693881018,2025년도 제 2차 직원 채용 공고,img,,kbri.recruiter.co.kr,2025-02-11T09:00:00.000+09:00,2025-02-25T17:59:00.000+09:00,2025-02-07T14:50:37.000+09:00,https://daoift3qrrnil.cloudfront.net/content_images/images/000/294/112/webp/(%ED%95%9C%EA%B5%AD%EB%87%8C%EC%97%B0%EA%B5%AC%EC%9B%90)_%EC%A0%9C2%EC%B0%A8_%EC%B1%84%EC%9A%A9%EA%B3%B5%EA%B3%A0%EB%AC%B8_250214.webp?1739498605
자소설,96627,IT/인터넷,임시,임시,하나은행,임시,https://daoift3qrrnil.cloudfront.net/company_groups/images/000/000/242/webp/%ED%95%98%EB%82%98%EC%9D%80%ED%96%89_%EB%A1%9C%EA%B3%A0_%281%29.webp?1701312380,Digital Hana 路,img,,https://hanaro.recruiter.co.kr/,2025-02-10T10:00:00.000+09:00,2025-02-23T18:00:00.000+09:00,2025-02-07T09:37:17.000+09:00,https://daoift3qrrnil.cloudfront.net/content_images/images/000/293/152/webp/(%E1%84%80%E1%85%A9)%E1%84%83%E1%85%B5%E1%84%8C%E1%85%B5%E1%84%90%E1%85%A5%E1%86%AF%E1%84%92%E1%85%A1%E1%84%82%E1%85%A1%E1%84%85%E1%85%A9_%E1%84%8B%E1%85%B0%E1%86%B8%E1%84%80%E1%85%A9%E1%86%BC%E1%84%80%E1%85%A9%E1%84%86%E1%85%AE%E1%86%AB_700x3560.webp?1738888578
자소설,96625,IT/인터넷,임시,임시,다우기술,임시,https://daoift3qrrnil.cloudfront.net/company_groups/images/000/000/730/webp/CI_Manual_01.webp?1684485251,경력사원 대규모 인재영입,img,,https://recruit.daou.co.kr,2025-02-10T00:00:00.000+09:00,2025-02-19T18:00:00.000+09:00,2025-02-07T09:12:43.000+09:00,https://daoift3qrrnil.cloudfront.net/content_images/images/000/293/121/webp/%EB%8B%A4%EC%9A%B0%EA%B8%B0%EC%88%A0_%EA%B2%BD%EB%A0%A5%EC%82%AC%EC%9B%90_%EB%8C%80%EA%B7%9C%EB%AA%A8_%EC%9D%B8%EC%9E%AC%EC%98%81%EC%9E%85_%EA%B3%B5%EA%B3%A0.webp?1738886446
자소설,96622,IT/인터넷,임시,임시,에코마케팅,임시,https://daoift3qrrnil.cloudfront.net/company_groups/images/000/006/091/webp/echo_logo_blue.webp?1684487221,웹 퍼블리셔 신입 채용,img,,https://echomarketing.career.greetinghr.com/o/145651,2025-02-06T17:56:00.000+09:00,2025-02-16T23:59:00.000+09:00,2025-02-06T18:09:19.000+09:00,https://daoift3qrrnil.cloudfront.net/business_employment_companies/images/000/046/155/original/echo_logo_blue.png?1738832374
자소설,96614,IT/인터넷,임시,임시,한국정보보호산업협회,임시,https://daoift3qrrnil.cloudfront.net/company_groups/images/000/013/773/webp/ci.webp?1691644543,2025 S-개발자 3기 모집,img,,https://docs.google.com/forms/d/e/1FAIpQLSdFAgH4Zu4T_0Zy_81TWc7pXnyXJEuhbf38_KHD8K7ZsTt1kA/viewform,2025-02-06T15:00:00.000+09:00,2025-02-16T23:59:00.000+09:00,2025-02-06T15:13:28.000+09:00,https://daoift3qrrnil.cloudfront.net/content_images/images/000/293/010/webp/1_7__S-%EA%B0%9C%EB%B0%9C%EC%9E%90_3%EA%B8%B0_%ED%8F%AC%EC%8A%A4%ED%84%B0_%EC%B5%9C%EC%A2%85.webp?1738822430
자소설,96611,IT/인터넷,임시,임시,탑스커뮤니케이션,임시,https://daoift3qrrnil.cloudfront.net/employment_companies/images/000/096/611/webp/CI_A1.webp?1738820715,FPGA 및 상위 응용 프로그래머 모집,img,,https://www.jobkorea.co.kr/Recruit/GI_Read/46302802?Oem_Code=C1&logpath=1&stext=%ED%83%91%EC%8A%A4%EC%BB%A4%EB%AE%A4%EB%8B%88%EC%BC%80%EC%9D%B4%EC%85%98&listno=1,2025-02-06T13:00:00.000+09:00,2025-04-05T23:59:00.000+09:00,2025-02-06T14:45:13.000+09:00,https://daoift3qrrnil.cloudfront.net/business_employment_companies/images/000/046/145/original/CI_A1.png?1738814669
자소설,96606,IT/인터넷,임시,임시,건설산업정보원,임시,https://daoift3qrrnil.cloudfront.net/company_groups/images/000/015/290/webp/%EC%BA%A1%EC%B2%98.webp?1705906149,[연구원 모집] 정보시스템 운영 및 데이터 분석가,img,,http://www.kcinet.or.kr/helpdesk/content.asp,2025-02-06T09:00:00.000+09:00,2025-02-19T18:00:00.000+09:00,2025-02-06T10:05:28.000+09:00,https://daoift3qrrnil.cloudfront.net/content_images/images/000/292/921/webp/1.webp?1738803494
자소설,96605,IT/인터넷,임시,임시,대웅제약,임시,https://daoift3qrrnil.cloudfront.net/company_groups/images/000/000/177/webp/%EB%8C%80%EC%9B%85%EC%A0%9C%EC%95%BD_%EB%A1%9C%EA%B3%A0%28300x180%29.webp?1714694549,2025 상반기 채용연계형 인턴십,img,,https://daewoong.recruiter.co.kr/appsite/company/index,2025-02-06T09:00:00.000+09:00,2025-02-16T23:59:00.000+09:00,2025-02-06T09:50:41.000+09:00,https://daoift3qrrnil.cloudfront.net/content_images/images/000/293/165/webp/_%EB%8C%80%EC%9B%85%EA%B7%B8%EB%A3%B9__2025_%EC%83%81%EB%B0%98%EA%B8%B0_%EC%B1%84%EC%9A%A9%EC%97%B0%EA%B3%84%ED%98%95_%EC%9D%B8%ED%84%B4%EC%8B%AD_%EA%B3%B5%EA%B3%A0_%EC%88%98%EC%A0%95.webp?1738889533
자소설,96597,IT/인터넷,임시,임시,한국저작권위원회,임시,https://daoift3qrrnil.cloudfront.net/company_groups/images/000/001/378/webp/%EC%A0%80%EC%9E%91%EA%B6%8C%EB%A1%9C%EA%B3%A0.webp?1684485442,2025년 제1차 직원 및 청년인턴 채용공고,img,,https://copyright.recruiter.co.kr/appsite/company/index,2025-02-06T10:00:00.000+09:00,2025-02-21T18:00:00.000+09:00,2025-02-05T15:52:51.000+09:00,https://daoift3qrrnil.cloudfront.net/content_images/images/000/292/801/webp/%EC%A7%81%EC%9B%90%EC%B1%84%EC%9A%A9.webp?1738737183
자소설,96596,IT/인터넷,임시,임시,숙명여자대학교,임시,https://daoift3qrrnil.cloudfront.net/company_groups/images/000/004/452/webp/%E2%98%85_logo_V_Kr-Eng_Color.webp?1738734851,"직원 모집-일반행정, 국제입학, IT",img,,https://sookmyung.applyin.co.kr/jobs/17262,2025-02-07T11:00:00.000+09:00,2025-02-13T16:00:00.000+09:00,2025-02-05T14:54:09.000+09:00,https://daoift3qrrnil.cloudfront.net/content_images/images/000/292/818/webp/%EC%8A%A4%ED%81%AC%EB%A6%B0%EC%83%B7_5-2-2025_162050_sookmyung.applyin.co.kr.webp?1738740058
자소설,96591,IT/인터넷,임시,임시,이카운트,임시,https://daoift3qrrnil.cloudfront.net/company_groups/images/000/004/300/webp/%EB%A1%9C%EA%B3%A0_JPG.webp?1684486600,"2025년 상반기 운영본부(DA팀, SA팀) 경력/신입 채용",img,,https://www.saramin.co.kr/zf_user/jobs/view?rec_idx=49883960&view_type=etc&ref=recruit_manage,2025-02-06T00:00:00.000+09:00,2025-02-19T23:59:00.000+09:00,2025-02-05T11:18:58.000+09:00,https://daoift3qrrnil.cloudfront.net/content_images/images/000/292/803/webp/25.02_%EC%9A%B4%EC%98%81%EB%B3%B8%EB%B6%80_%EC%B1%84%EC%9A%A9%EA%B3%B5%EA%B3%A0_%EC%B5%9C%EC%A2%85.webp?1738737329
자소설,96586,IT/인터넷,임시,임시,부산항만공사,임시,https://daoift3qrrnil.cloudfront.net/company_groups/images/000/003/729/webp/%EB%B6%80%EC%82%B0%ED%95%AD%EB%A7%8C_%EB%A1%9C%EA%B3%A0.webp?1684486374,정규직 신입사원 채용 공고,img,,https://busanpa.incruit.com/main/main.asp,2025-02-12T09:00:00.000+09:00,2025-02-20T18:00:00.000+09:00,2025-02-04T18:23:29.000+09:00,https://daoift3qrrnil.cloudfront.net/content_images/images/000/292/612/webp/%EC%99%B8%EB%B6%80_%EB%B6%80%EC%82%B0%ED%95%AD%EB%A7%8C%EA%B3%B5%EC%82%AC_%281%29.webp?1738659882
자소설,96583,IT/인터넷,임시,임시,야놀자,임시,https://daoift3qrrnil.cloudfront.net/company_groups/images/000/004/244/webp/Yanolja_Logo_Mono_Black_RGB_WIP.webp?1714013418,SAP FI 모듈 운영 담당자,img,,https://careers.yanolja.co/o/144842,2025-02-04T16:33:00.000+09:00,2025-04-03T23:59:00.000+09:00,2025-02-04T16:45:49.000+09:00,https://daoift3qrrnil.cloudfront.net/business_employment_companies/images/000/046/121/original/Yanolja_Logo_Mono_Black_RGB_WIP.png?1738654587
자소설,96582,IT/인터넷,임시,임시,야놀자,임시,https://daoift3qrrnil.cloudfront.net/company_groups/images/000/004/244/webp/Yanolja_Logo_Mono_Black_RGB_WIP.webp?1714013418,[야놀자] SAP SD 모듈 개발 담당자 (육아휴직 대체 / 1년 계약직),img,,https://careers.yanolja.co/o/144833,2025-02-04T16:30:00.000+09:00,2025-02-25T14:06:11.000+09:00,2025-02-04T16:40:11.000+09:00,https://daoift3qrrnil.cloudfront.net/business_employment_companies/images/000/046/120/original/Yanolja_Logo_Mono_Black_RGB_WIP.png?1738654397
자소설,96581,IT/인터넷,임시,임시,한국소프트웨어산업협회,임시,https://daoift3qrrnil.cloudfront.net/company_groups/images/000/015/154/webp/new%E1%84%92%E1%85%A7%E1%86%B8%E1%84%92%E1%85%AC_%E1%84%85%E1%85%A9%E1%84%80%E1%85%A9_%E1%84%89%E1%85%B5%E1%86%B7%E1%84%87%E1%85%A5%E1%86%AF.webp?1689578222,'25년 채용연계형 SW전문인재양성사업 현대퓨처넷 10기 교육생 모집,img,,https://www.sw.or.kr/site/sw/edu/selectEduNewListGallery.do,2025-02-03T16:00:00.000+09:00,2025-02-25T23:59:00.000+09:00,2025-02-04T16:06:34.000+09:00,https://daoift3qrrnil.cloudfront.net/content_images/images/000/295/359/webp/%ED%98%84%EB%8C%80%ED%93%A8%EC%B2%98%EB%84%B7-10%EA%B8%B0_v2.webp?1740127158
자소설,96569,IT/인터넷,임시,임시,이노션,임시,https://daoift3qrrnil.cloudfront.net/company_groups/images/000/001/070/webp/b8334c4c-879f-430c-801c-b6bf52bd29c7.webp?1692252021,Business Analyst,img,,https://innocean.recruiter.co.kr/career/jobs/44227,2025-02-04T10:11:00.000+09:00,2025-02-23T23:59:00.000+09:00,2025-02-04T10:24:25.000+09:00,https://daoift3qrrnil.cloudfront.net/content_images/images/000/292/470/webp/Business_analyst%28%EC%99%B8%EB%B6%80%29.webp?1738631737
자소설,96568,IT/인터넷,임시,임시,LS증권,임시,https://daoift3qrrnil.cloudfront.net/company_groups/images/000/002/008/webp/data.webp?1719821555,경력직 수시채용(IT기획(품질관리) 부문),img,,https://ls-sec.recruiter.co.kr/app/jobnotice/view?systemKindCode=MRS2&jobnoticeSn=206286,2025-02-03T00:00:00.000+09:00,2025-02-13T23:59:00.000+09:00,2025-02-04T08:51:16.000+09:00,https://ls-sec.recruiter.co.kr/upload/171848/image/202502/561d1dde-057b-42b3-bca9-a814d60c37e1.jpg
자소설,96565,IT/인터넷,임시,임시,라쿠텐심포니코리아,임시,https://daoift3qrrnil.cloudfront.net/company_groups/images/000/013/313/webp/RSI_red_two_lines_%284%29.webp?1721093190,Cloud Engineer,img,,https://rakutensymphony.ninehire.site/job_posting/BxuY7NU4?utm_source=%EC%9E%90%EC%86%8C%EC%84%A4%EB%8B%B7%EC%BB%B4&utm_medium=%EC%B1%84%EC%9A%A9%EC%B1%84%EB%84%90&utm_campaign=20243QCLE,2025-02-04T00:00:00.000+09:00,2025-02-21T14:12:00.000+09:00,2025-02-04T08:44:56.000+09:00,https://daoift3qrrnil.cloudfront.net/content_images/images/000/292/414/webp/%28250203%29_Could_Engineer-1.webp?1738572470
자소설,96564,IT/인터넷,임시,임시,셀트리온,임시,https://daoift3qrrnil.cloudfront.net/company_groups/images/000/001/040/webp/_EC_85_80_ED_8A_B8_EB_A6_AC_EC_98_A8_CI_JPG.webp?1684485316,2025년 1차 신입/경력 수시채용,img,,https://recruit.celltrion.com,2025-02-03T15:14:00.000+09:00,2025-02-09T23:59:00.000+09:00,2025-02-03T16:59:43.000+09:00,https://daoift3qrrnil.cloudfront.net/content_images/images/000/292/366/webp/%28JOBPORTAL%2925%EB%85%84_1%EC%B0%A8_%EC%88%98%EC%8B%9C%EC%B1%84%EC%9A%A9%2825.01.24%29-1.webp?1738563980
자소설,96550,IT/인터넷,임시,임시,토스페이먼츠,임시,https://daoift3qrrnil.cloudfront.net/company_groups/images/000/011/994/webp/icon-toss-logo_%281%29.webp?1684488186,[비바리퍼블리카(토스) 자회사] Server Developer (3년 이하),img,,https://toss.im/career/job-detail?job_id=4071141003&company=%ED%86%A0%EC%8A%A4%ED%8E%98%EC%9D%B4%EB%A8%BC%EC%B8%A0&detailedPosition=3%EB%85%84%20%EC%9D%B4%ED%95%98&&utm_source=jasoseol&utm_medium=post&utm_campaign=2411_SD,2025-01-31T17:16:00.000+09:00,2025-02-25T15:45:23.000+09:00,2025-01-31T18:54:14.000+09:00,https://daoift3qrrnil.cloudfront.net/content_images/images/000/292/183/webp/1128_SD_860.webp?1738311454
자소설,96548,IT/인터넷,임시,임시,푸른저축은행,임시,https://daoift3qrrnil.cloudfront.net/company_groups/images/000/004/943/webp/%EC%9D%B4%EB%AF%B8%EC%A7%80_56.webp?1684486805,2025년 각 부문별 신입 및 경력 공개채용,img,,https://prsb.applyin.co.kr/jobs/17209,2025-01-25T00:00:00.000+09:00,2025-02-14T23:59:00.000+09:00,2025-01-31T17:31:54.000+09:00,https://daoift3qrrnil.cloudfront.net/content_images/images/000/292/184/webp/%ED%91%B8%EB%A5%B8%EC%A0%80%EC%B6%95%EC%9D%80%ED%96%89.webp?1738312261
자소설,96547,IT/인터넷,임시,임시,한국IR협의회,임시,https://daoift3qrrnil.cloudfront.net/employment_companies/images/000/096/547/webp/IR%ED%98%91%EC%9D%98%ED%9A%8C_CI.webp?1738311453,신입사원 채용공고 (경영지원 / 프로그램 개발),img,,https://www.kirs.or.kr/public/newsview.html?no=1313,2025-01-16T15:00:00.000+09:00,2025-02-06T23:59:00.000+09:00,2025-01-31T17:17:32.000+09:00,https://daoift3qrrnil.cloudfront.net/business_employment_companies/images/000/046/083/original/IR%ED%98%91%EC%9D%98%ED%9A%8C_CI.png?1738304718
자소설,96537,IT/인터넷,임시,임시,피에스케이,임시,https://daoift3qrrnil.cloudfront.net/company_groups/images/000/004/023/webp/%EC%BA%A1%EC%B2%98.webp?1715336733,PSK그룹 2025년 1월 수시모집,img,,https://psk.recruiter.co.kr/career/jobs/43962,2025-01-31T14:06:00.000+09:00,2025-02-09T23:55:00.000+09:00,2025-01-31T14:52:49.000+09:00,https://daoift3qrrnil.cloudfront.net/content_images/images/000/292/686/webp/%EA%B5%AC%EB%A7%A4%EA%B4%80%EB%A6%AC_%EC%B6%94%EA%B0%80.webp?1738718467
자소설,96534,IT/인터넷,임시,임시,111퍼센트,임시,https://daoift3qrrnil.cloudfront.net/company_groups/images/000/012/066/webp/%EC%84%B8%EB%A1%9C%ED%98%95_%EB%AA%A8%EB%85%B8.webp?1684488207,[QA인턴십] Quality Player 모집,img,,https://111percent.career.greetinghr.com/o/144521,2025-01-31T12:13:00.000+09:00,2025-02-09T23:59:00.000+09:00,2025-01-31T12:18:04.000+09:00,https://daoift3qrrnil.cloudfront.net/content_images/images/000/292/099/webp/QA_%EA%B3%B5%EA%B3%A0.webp?1738293378
자소설,96532,IT/인터넷,임시,임시,엔코아,임시,https://daoift3qrrnil.cloudfront.net/company_groups/images/000/006/287/webp/ENCORE_type1.webp?1684487289,플레이데이터 풀스택 백엔드 부트캠프,img,,https://playdata.io/program_backend,2025-01-31T09:19:00.000+09:00,2025-02-17T23:59:00.000+09:00,2025-01-31T09:24:39.000+09:00,https://daoift3qrrnil.cloudfront.net/content_images/images/000/292/075/webp/%EC%97%94%EC%BD%94%EC%95%84_%EA%B3%B5%EA%B3%A0_(1).webp?1738282995
자소설,96531,IT/인터넷,임시,임시,이노션,임시,https://daoift3qrrnil.cloudfront.net/company_groups/images/000/001/070/webp/b8334c4c-879f-430c-801c-b6bf52bd29c7.webp?1692252021,테크니컬 라이터(Technical Writer),img,,https://innocean.recruiter.co.kr/career/jobs/43860,2025-01-31T00:00:00.000+09:00,2025-02-09T23:59:00.000+09:00,2025-01-31T09:10:01.000+09:00,https://daoift3qrrnil.cloudfront.net/content_images/images/000/291/925/webp/%28%ED%94%84%EA%B3%84%29_%ED%85%8C%ED%81%AC%EB%8B%88%EC%BB%AC_%EB%9D%BC%EC%9D%B4%ED%84%B0%28Technical_Writer%292%EB%B0%B0__%281%EB%85%84%29.webp?1737706377
자소설,96530,IT/인터넷,임시,임시,한미그룹,임시,https://daoift3qrrnil.cloudfront.net/company_groups/images/000/000/908/webp/%ED%95%9C%EB%AF%B8%EA%B7%B8%EB%A3%B9.webp?1725004004,2025년 2월 수시채용 [각 부문별],img,,https://hanmi.recruiter.co.kr/app/jobnotice/view?systemKindCode=MRS2&jobnoticeSn=206012,2025-02-03T00:00:00.000+09:00,2025-02-16T23:59:00.000+09:00,2025-01-31T08:57:20.000+09:00,https://daoift3qrrnil.cloudfront.net/content_images/images/000/292/387/webp/%ED%95%9C%EB%AF%B8%EA%B7%B8%EB%A3%B9_2%EC%9B%94_%EC%88%98%EC%8B%9C%EC%B1%84%EC%9A%A9_%ED%99%8D%EB%B3%B4%EC%9A%A9.webp?1738567623
자소설,96525,IT/인터넷,임시,임시,한국평가데이터,임시,https://daoift3qrrnil.cloudfront.net/company_groups/images/000/003/374/webp/220210_KODATA_%EA%B5%AD%EB%AC%B8%EC%A1%B0%ED%95%A9.webp?1684486232,"정규직 채용(법무, 노무인사, 신용리스크컨설팅(통계), IT인프라, DBA)",img,,https://kodata.applyin.co.kr,2025-01-24T16:59:00.000+09:00,2025-02-06T18:00:00.000+09:00,2025-01-31T08:36:30.000+09:00,https://daoift3qrrnil.cloudfront.net/content_images/images/000/291/932/webp/%EC%B1%84%EC%9A%A9%EA%B3%B5%EA%B3%A0%EB%AC%B8.webp?1737709553
자소설,96518,IT/인터넷,임시,임시,삼성전자로지텍,임시,https://daoift3qrrnil.cloudfront.net/company_groups/images/000/001/000/webp/%EC%8B%9C%EA%B7%B8%EB%8B%88%EC%B2%98_%EC%84%B8%EB%A1%9C%ED%98%95_01.webp?1684485304,시스템 엔지니어 경력 채용,img,,https://www.selc.co.kr/recruit/r_list.jsp,2025-01-24T17:29:00.000+09:00,2025-01-30T23:59:00.000+09:00,2025-01-24T15:30:20.000+09:00,https://daoift3qrrnil.cloudfront.net/content_images/images/000/291/915/webp/(%EC%8B%9C%EC%8A%A4%ED%85%9C_%EC%97%94%EC%A7%80%EB%8B%88%EC%96%B4)_%EA%B2%BD%EB%A0%A5_%EC%B1%84%EC%9A%A9_%EA%B3%B5%EA%B3%A0%EB%AC%B8.webp?1737700328
자소설,96515,IT/인터넷,임시,임시,피아이첨단소재,임시,https://daoift3qrrnil.cloudfront.net/company_groups/images/000/000/967/webp/Horizontal_Eng_Basic_Clolor_368.webp?1684485297,신입/경력 채용,img,,https://recruit.pimaterials.com/,2025-01-24T16:00:00.000+09:00,2025-02-09T23:59:00.000+09:00,2025-01-24T14:56:54.000+09:00,https://daoift3qrrnil.cloudfront.net/content_images/images/000/291/873/webp/%ED%94%BC%EC%95%84%EC%9D%B4%EC%B2%A8%EB%8B%A8%EC%86%8C%EC%9E%AC_%EC%8B%9C%EC%95%88_%282%29.webp?1737696453
자소설,96514,IT/인터넷,임시,임시,고려대학교,임시,https://daoift3qrrnil.cloudfront.net/company_groups/images/000/000/295/webp/globalsymbol_korea1_large.webp?1684484689,사무직원(정규직) 채용(행정/전산/자산관리/사서/데이터 엔지니어),img,,https://gms.korea.ac.kr:8051/recruit/index_staff.jsp,2025-01-22T16:00:00.000+09:00,2025-02-04T14:00:00.000+09:00,2025-01-24T14:51:06.000+09:00,https://daoift3qrrnil.cloudfront.net/business_employment_companies/images/000/046/057/original/globalsymbol_korea1_large.gif?1737697637
자소설,96512,IT/인터넷,임시,임시,미원상사 및 관계사,임시,https://daoift3qrrnil.cloudfront.net/company_groups/images/000/001/038/webp/%EC%9E%90%EC%86%8C%EC%84%A4%EB%8B%B7%EC%BB%B4_%EB%A1%9C%EA%B3%A0.webp?1684485316,2월 각 부문 채용,img,,https://recruit.mwc.co.kr/recruit?mode=detail&nidx=255,2025-01-24T13:43:00.000+09:00,2025-02-03T23:59:00.000+09:00,2025-01-24T14:29:38.000+09:00,https://daoift3qrrnil.cloudfront.net/content_images/images/000/291/870/webp/%EB%AF%B8%EC%9B%90%EC%83%81%EC%82%AC_%EB%B0%8F_%EA%B4%80%EA%B3%84%EC%82%AC_2%EC%9B%94_%EC%B1%84%EC%9A%A9png.webp?1737695641
자소설,96511,IT/인터넷,임시,임시,한동대학교,임시,https://daoift3qrrnil.cloudfront.net/company_groups/images/000/008/010/webp/jpg_12-%EC%8B%AC_1%28150by150%29.webp?1684487770,2025 정규직원 채용 공고,img,,https://www.handong.edu/kor/square/notice/bid/?mode=view&id=50245&group=0,2025-01-24T14:24:00.000+09:00,2025-02-09T23:59:00.000+09:00,2025-01-24T14:28:32.000+09:00,https://daoift3qrrnil.cloudfront.net/content_images/images/000/291/872/webp/2025_%E1%84%92%E1%85%A1%E1%86%AB%E1%84%83%E1%85%A9%E1%86%BC%E1%84%83%E1%85%A2%E1%84%92%E1%85%A1%E1%86%A8%E1%84%80%E1%85%AD_%E1%84%8C%E1%85%A5%E1%86%BC%E1%84%80%E1%85%B2%E1%84%8C%E1%85%B5%E1%86%A8%E1%84%8B%E1%85%AF%E1%86%AB_%E1%84%8E%E1%85%A2%E1%84%8B%E1%85%AD%E1%86%BC_%E1%84%80%E1%85%A9%E1%86%BC%E1%84%80%E1%85%A9_250124.pdf.webp?1737696308
자소설,96504,IT/인터넷,임시,임시,유라그룹,임시,https://daoift3qrrnil.cloudfront.net/company_groups/images/000/015/196/webp/data.webp?1692761874,2025년 상반기 공개 채용 ,img,,https://yura.recruiter.co.kr/career/jobs/43480?utm_source=jasoseol&utm_medium=banner&utm_campaign=2501yura,2025-01-24T12:06:00.000+09:00,2025-02-06T23:59:00.000+09:00,2025-01-24T12:23:06.000+09:00,https://daoift3qrrnil.cloudfront.net/content_images/images/000/291/908/webp/%EC%9C%A0%EB%9D%BC_%EA%B3%B5%EA%B3%A0%EB%AC%B8_%EC%88%98%EC%A0%95%EB%B3%B8.webp?1737699436
자소설,96503,IT/인터넷,임시,임시,한국교육학술정보원(KERIS),임시,https://daoift3qrrnil.cloudfront.net/company_groups/images/000/002/360/webp/open-uri20220422-29645-7tpnc6.webp?1684485837,2025년 제1차 직원(계약직 및 청년인턴) 채용,img,,https://keris.recruiter.co.kr/appsite/company/index,2025-01-24T14:00:00.000+09:00,2025-02-07T18:00:00.000+09:00,2025-01-24T11:58:59.000+09:00,https://daoift3qrrnil.cloudfront.net/content_images/images/000/291/811/webp/%ED%95%9C%EA%B5%AD%EA%B5%90%EC%9C%A1%ED%95%99%EC%88%A0%EC%A0%95%EB%B3%B4%EC%9B%90_%EC%99%B8%EB%B6%80_%EA%B3%84%EC%95%BD%EC%A7%81_(1).webp?1737687597
자소설,96502,IT/인터넷,임시,임시,광주도시관리공사,임시,https://daoift3qrrnil.cloudfront.net/company_groups/images/000/007/501/webp/%EA%B4%91%EC%A3%BC%EB%8F%84%EC%8B%9C%EA%B4%80%EB%A6%AC%EA%B3%B5%EC%82%AC_%EB%A1%9C%EA%B3%A0.webp?1684487650,2025년 제1차 직원채용 공고,img,,https://gumc.brms.kr/,2025-01-31T00:00:00.000+09:00,2025-02-13T18:00:00.000+09:00,2025-01-24T11:44:15.000+09:00,https://daoift3qrrnil.cloudfront.net/content_images/images/000/291/782/webp/%EA%B4%91%EC%A3%BC%EB%8F%84%EC%8B%9C%EA%B4%80%EB%A6%AC%EA%B3%B5%EC%82%AC.webp?1737684655
자소설,96496,IT/인터넷,임시,임시,삼진제약,임시,https://daoift3qrrnil.cloudfront.net/company_groups/images/000/002/436/webp/%EC%82%BC%EC%A7%84%EC%A0%9C%EC%95%BD_%EB%A1%9C%EA%B3%A0%EC%84%9C%EC%B2%B4_%EA%B8%B0%EB%B3%B80%28%ED%88%AC%EB%AA%85%EB%B0%B0%EA%B2%BD%29.webp?1684485872,2025년 부문별 상시채용,img,,https://samjinpharm.recruiter.co.kr/app/jobnotice/view?systemKindCode=MRS2&jobnoticeSn=204398,2025-01-10T18:00:00.000+09:00,2025-02-09T23:00:00.000+09:00,2025-01-24T10:30:06.000+09:00,https://daoift3qrrnil.cloudfront.net/content_images/images/000/292/331/webp/2025%EB%85%84_%EB%B6%80%EB%AC%B8%EB%B3%84_%EC%83%81%EC%8B%9C%EC%B1%84%EC%9A%A9_%EA%B3%B5%EA%B3%A0_20250203.webp?1738549711
자소설,96495,IT/인터넷,임시,임시,한국고용정보원(KEIS),임시,https://daoift3qrrnil.cloudfront.net/company_groups/images/000/001/742/webp/%ED%95%9C%EA%B5%AD%EA%B3%A0%EC%9A%A9%EC%A0%95%EB%B3%B4%EC%9B%90_%EB%A1%9C%EA%B3%A0.webp?1711586347,2025년도 1차 직원 채용 공고,img,,https://keis.recruiter.co.kr/appsite/company/index,2025-02-03T10:00:00.000+09:00,2025-02-10T16:00:00.000+09:00,2025-01-24T10:10:33.000+09:00,https://daoift3qrrnil.cloudfront.net/content_images/images/000/291/755/webp/(%EA%B3%B5%EA%B3%A0%EB%AC%B8_%EC%9D%B4%EB%AF%B8%EC%A7%80)_2025%EB%85%84%EB%8F%84_%ED%95%9C%EA%B5%AD%EA%B3%A0%EC%9A%A9%EC%A0%95%EB%B3%B4%EC%9B%90_1%EC%B0%A8_%EC%A7%81%EC%9B%90_%EC%B1%84%EC%9A%A9.webp?1737680816
자소설,96490,IT/인터넷,임시,임시,코오롱생명과학,임시,https://daoift3qrrnil.cloudfront.net/company_groups/images/000/002/460/webp/qg9p8u_qfew-1kki2i0_logo.webp?1684485881,2025년 상반기 정기채용,img,,https://dream.kolon.com/RECRUIT_KOLON/hr/rec/recruit/jobopen/controller/candidate/JobOpen320WebController/view.hr?jobopen_id=KLS202501230001,2025-01-24T00:00:00.000+09:00,2025-02-09T23:59:00.000+09:00,2025-01-23T18:16:43.000+09:00,https://daoift3qrrnil.cloudfront.net/content_images/images/000/291/662/webp/_%EC%BD%94%EC%98%A4%EB%A1%B1%EC%83%9D%EB%AA%85%EA%B3%BC%ED%95%99__2025_%EC%83%81%EB%B0%98%EA%B8%B0_%EC%A0%95%EA%B8%B0%EC%B1%84%EC%9A%A9_%EA%B3%B5%EA%B3%A0%EB%AC%B8_vf.webp?1737623742
자소설,96489,IT/인터넷,임시,임시,울산대학교,임시,https://daoift3qrrnil.cloudfront.net/company_groups/images/000/002/760/webp/%EC%9A%B8%EC%82%B0%EB%8C%80%EB%A1%9C%EA%B3%A0.webp?1684485995,정규직원 채용공고,img,,https://www.ulsan.ac.kr/kor/CMS/Contents/Contents.do?mCode=MN075,2025-01-31T14:00:00.000+09:00,2025-02-13T14:00:00.000+09:00,2025-01-23T17:50:55.000+09:00,https://daoift3qrrnil.cloudfront.net/content_images/images/000/292/189/webp/(%EB%B6%99%EC%9E%84)_2025%ED%95%99%EB%85%84%EB%8F%84_%EC%83%81%EB%B0%98%EA%B8%B0_%EC%9A%B8%EC%82%B0%EB%8C%80%ED%95%99%EA%B5%90_%EC%9D%BC%EB%B0%98%EC%A7%81%EC%9B%90_%EC%8B%A0%EA%B7%9C%EC%B1%84%EC%9A%A9_%EA%B3%B5%EA%B3%A0%EB%AC%B8-%EC%88%98%EC%A0%95.webp?1738312949
자소설,96486,IT/인터넷,임시,임시,에코마케팅,임시,https://daoift3qrrnil.cloudfront.net/company_groups/images/000/006/091/webp/echo_logo_blue.webp?1684487221,데이터 분석가(DA) 신입/경력 채용,img,,https://echomarketing.career.greetinghr.com/o/144263,2025-01-23T16:36:00.000+09:00,2025-02-02T23:59:00.000+09:00,2025-01-23T17:20:42.000+09:00,https://daoift3qrrnil.cloudfront.net/business_employment_companies/images/000/046/035/original/echo_logo_blue.png?1737618125
자소설,96481,IT/인터넷,임시,임시,한국건설기술인협회,임시,https://daoift3qrrnil.cloudfront.net/company_groups/images/000/003/222/webp/%E1%84%80%E1%85%A5%E1%86%AB%E1%84%89%E1%85%A5%E1%86%AF.webp?1684486171,2025년 상반기 신입·경력사원 모집,img,,https://homenet.kocea.or.kr:1443/kocea/koc-kr/bbs/i-463/list.do,2025-01-23T14:30:00.000+09:00,2025-02-09T17:00:00.000+09:00,2025-01-23T16:57:23.000+09:00,https://daoift3qrrnil.cloudfront.net/content_images/images/000/291/601/webp/250116__%EB%B3%84%EC%B2%A8_%EA%B3%B5%EA%B3%A0%EB%AC%B8(%EC%95%88)_-_%EA%B3%B5%EA%B3%A0%EC%9D%BC%ED%99%95%EC%A0%95(%EA%B2%8C%EC%8B%9C%EC%9A%A9)_page-0001.webp?1737618976
자소설,96471,IT/인터넷,임시,임시,한국마사회(KRA),임시,https://daoift3qrrnil.cloudfront.net/company_groups/images/000/000/692/webp/logo-1.webp?1684485239,2025년 신입사원 채용,img,,https://kra.recruitlab.co.kr/,2025-01-20T14:00:00.000+09:00,2025-02-03T18:00:00.000+09:00,2025-01-23T14:30:33.000+09:00,https://daoift3qrrnil.cloudfront.net/content_images/images/000/291/536/webp/%ED%95%9C%EA%B5%AD%EB%A7%88%EC%82%AC%ED%9A%8C_%ED%8F%AC%EC%8A%A4%ED%84%B0(%EC%B5%9C%EC%A2%85).webp?1737609927
자소설,96469,IT/인터넷,임시,임시,펄어비스,임시,https://daoift3qrrnil.cloudfront.net/company_groups/images/000/006/865/webp/Pearlabyss_%EC%B2%AD%EC%83%89_%EA%B8%80%EC%94%A8%EB%A7%8C.webp?1684487484,2025 인턴 모집,img,,http://www.pearlabyss.com/ko-KR/Company/Careers/Notice,2025-02-03T00:00:00.000+09:00,2025-02-14T15:00:00.000+09:00,2025-01-23T12:30:34.000+09:00,https://daoift3qrrnil.cloudfront.net/content_images/images/000/292/073/webp/250203_%E1%84%8B%E1%85%B5%E1%86%AB%E1%84%90%E1%85%A5%E1%86%AB%E1%84%90%E1%85%A9%E1%86%BC%E1%84%92%E1%85%A1%E1%86%B8%E1%84%80%E1%85%A9%E1%86%BC%E1%84%80%E1%85%A9%E1%84%86%E1%85%AE%E1%86%AB_980_PC_%E1%84%87%E1%85%A5%E1%84%90%E1%85%B3%E1%86%ABO.webp?1738282701
자소설,96468,IT/인터넷,임시,임시,에코마케팅,임시,https://daoift3qrrnil.cloudfront.net/company_groups/images/000/006/091/webp/echo_logo_blue.webp?1684487221,데이터 엔지니어(DE) 신입사원 대규모 채용,img,,https://echomarketing.career.greetinghr.com/recruit,2025-01-23T10:17:00.000+09:00,2025-02-02T23:59:00.000+09:00,2025-01-23T10:36:29.000+09:00,https://daoift3qrrnil.cloudfront.net/business_employment_companies/images/000/046/026/original/echo_logo_blue.png?1737595174
자소설,96456,IT/인터넷,임시,임시,코스콤,임시,https://daoift3qrrnil.cloudfront.net/company_groups/images/000/001/986/webp/koscom.webp?1684485684,2025년 신입직원 공개채용,img,,https://koscom.saramin.co.kr/,2025-01-24T10:00:00.000+09:00,2025-02-07T17:00:00.000+09:00,2025-01-22T15:12:02.000+09:00,https://daoift3qrrnil.cloudfront.net/content_images/images/000/291/778/webp/20250124_105025.webp?1737683745
자소설,96454,IT/인터넷,임시,임시,유진투자선물,임시,https://daoift3qrrnil.cloudfront.net/company_groups/images/000/004/155/webp/813161_20160620130424_425_0001.webp?1684486545,[IT/전산] 웹 개발/운영 경력사원 채용,img,,https://eugene.recruiter.co.kr/app/jobnotice/view?systemKindCode=MRS2&jobnoticeSn=205410,2025-01-22T09:00:00.000+09:00,2025-02-09T23:59:00.000+09:00,2025-01-22T12:54:11.000+09:00,https://eugene.recruiter.co.kr/upload/331673/image/202501/259def6d-bcaf-4d17-9e0d-55caa1a95566.jpg
자소설,96453,IT/인터넷,임시,임시,테크윙,임시,https://daoift3qrrnil.cloudfront.net/company_groups/images/000/001/954/webp/%ED%85%8C%ED%81%AC%EC%9C%99%EC%98%81%EB%AC%B8_%EB%A1%9C%EA%B3%A0.webp?1684485670,2025년 각 부문별 신입/경력 채용,img,,https://techwing.recruiter.co.kr/career/jobs/43256?utm_source=jasoseol&utm_medium=banner&utm_campaign=2501techwing,2025-01-22T11:00:00.000+09:00,2025-02-10T23:59:00.000+09:00,2025-01-22T11:49:34.000+09:00,https://daoift3qrrnil.cloudfront.net/content_images/images/000/292/358/webp/%EA%B3%B5%EA%B3%A0_%EC%B5%9C%EC%A2%85%EC%95%88_1%EC%9B%94_.webp?1738559502
자소설,96451,IT/인터넷,임시,임시,지멘스인더스트리소프트웨어,임시,https://daoift3qrrnil.cloudfront.net/company_groups/images/000/015/545/webp/logo_petrol_lightsand_1170.webp?1737510443,Associate Application Engineer - Calibre DS,img,,https://www.linkedin.com/jobs/view/4127267532,2025-01-22T10:00:00.000+09:00,2025-02-11T23:59:00.000+09:00,2025-01-22T10:41:18.000+09:00,https://daoift3qrrnil.cloudfront.net/content_images/images/000/291/227/webp/AAE_-_Calibre_DS.webp?1737509897
자소설,96449,IT/인터넷,임시,임시,한국에너지공과대학교,임시,https://daoift3qrrnil.cloudfront.net/company_groups/images/000/013/138/webp/KakaoTalk_20220629_155003822.webp?1684488405,2025년 1차 직원 채용,img,,https://kentech.jobnlab.co.kr/,2025-01-24T00:00:00.000+09:00,2025-02-04T12:00:00.000+09:00,2025-01-22T10:15:17.000+09:00,https://daoift3qrrnil.cloudfront.net/content_images/images/000/291/125/webp/9CF5v7epO20250121131159.webp?1737447016
자소설,96447,IT/인터넷,임시,임시,저축은행중앙회,임시,https://daoift3qrrnil.cloudfront.net/company_groups/images/000/002/188/webp/%EC%83%81%ED%98%B8%EC%A0%80%EC%B6%95%EC%9D%80%ED%96%89%EC%A4%91%EC%95%99%ED%9A%8C.webp?1684485766,2025년도 신입직원 채용,img,,https://fsb.saramin.co.kr/service/fsb/3350/applicant/apply/index.asp,2025-01-24T10:00:00.000+09:00,2025-02-17T18:00:00.000+09:00,2025-01-22T09:56:06.000+09:00,https://daoift3qrrnil.cloudfront.net/content_images/images/000/291/545/webp/_%EA%B3%B5%EA%B3%A0%EB%AC%B8__%EC%A0%80%EC%B6%95%EC%9D%80%ED%96%89%EC%A4%91%EC%95%99%ED%9A%8C_25%EB%85%84_%EC%8B%A0%EC%9E%85%EC%A7%81%EC%9B%90_%EC%B1%84%EC%9A%A9_%EA%B3%B5%EA%B3%A0%EB%AC%B8_250122_ff.webp?1737611496
자소설,96442,IT/인터넷,임시,임시,한국원자력안전재단,임시,https://daoift3qrrnil.cloudfront.net/company_groups/images/000/003/650/webp/open-uri20220603-22761-exsltk.webp?1684486341,2025년 제1차 직원(일반계약직 및 청년인턴) 채용 공고,img,,https://kofons.recruiter.co.kr/,2025-01-22T18:00:00.000+09:00,2025-02-05T18:00:00.000+09:00,2025-01-21T17:46:29.000+09:00,https://daoift3qrrnil.cloudfront.net/content_images/images/000/291/126/webp/_%EA%B3%B5%EA%B3%A0%EB%AC%B8__2025%EB%85%84_%EC%A0%9C1%EC%B0%A8_%EC%A7%81%EC%9B%90%28%EA%B3%84%EC%95%BD%EC%A7%81%29_%EC%B1%84%EC%9A%A9_%EA%B3%B5%EA%B3%A0.webp?1737447081
자소설,96439,IT/인터넷,임시,임시,CR홀딩스/조선내화 ,임시,https://daoift3qrrnil.cloudfront.net/company_groups/images/000/015/410/webp/polychrome.webp?1720753131,2025년 상반기 그룹사∙조선내화 신입/경력사원 채용,img,,https://cr.career.greetinghr.com/2025,2025-01-22T08:00:00.000+09:00,2025-02-03T23:59:00.000+09:00,2025-01-21T17:32:08.000+09:00,https://daoift3qrrnil.cloudfront.net/content_images/images/000/291/273/webp/%EC%A1%B0%EC%84%A0%EB%82%B4%ED%99%94_%EC%88%98%EC%A0%95%EC%8B%9C%EC%95%88_(1).webp?1737522158
자소설,96421,IT/인터넷,임시,임시,한국알콜그룹,임시,https://daoift3qrrnil.cloudfront.net/company_groups/images/000/011/281/webp/CI_%ED%95%A9%EB%B3%B8-removebg-preview.webp?1699320542,2025년 1월 채용,img,,https://enf-recruit.career.greetinghr.com/,2025-01-21T00:00:00.000+09:00,2025-02-03T23:59:00.000+09:00,2025-01-20T17:09:42.000+09:00,https://daoift3qrrnil.cloudfront.net/content_images/images/000/290/999/webp/2025%EB%85%84_1%EC%9B%94_%EC%B1%84%EC%9A%A9%EA%B3%B5%EA%B3%A0_%EC%9D%B4%EB%AF%B8%EC%A7%80_250121.webp?1737425113
자소설,96418,IT/인터넷,임시,임시,GS네오텍,임시,https://daoift3qrrnil.cloudfront.net/company_groups/images/000/001/771/webp/943577_20170413145028_596_0001.webp?1684485593,2025년 상반기 경력.신입사원 채용,img,,https://www.gsneotek.com/job_openings/?q=YToxOntzOjEyOiJrZXl3b3JkX3R5cGUiO3M6MzoiYWxsIjt9&bmode=view&idx=143699628&t=board,2025-01-20T14:55:00.000+09:00,2025-02-09T23:59:00.000+09:00,2025-01-20T15:47:34.000+09:00,https://daoift3qrrnil.cloudfront.net/content_images/images/000/291/495/webp/25%EB%85%84_%EC%83%81%EB%B0%98%EA%B8%B0_%EC%8B%A0%EC%9E%85.%EA%B2%BD%EB%A0%A5%EC%82%AC%EC%9B%90_%EC%B1%84%EC%9A%A9%EA%B3%B5%EA%B3%A0%EB%AC%B8.webp?1737594473
자소설,96417,IT/인터넷,임시,임시,에이치시티,임시,https://daoift3qrrnil.cloudfront.net/company_groups/images/000/004/202/webp/data.webp?1684486564,2025년 상반기 신입/경력사원 공개채용,img,,https://hct.recruiter.co.kr,2025-01-20T14:21:00.000+09:00,2025-01-30T23:59:00.000+09:00,2025-01-20T15:10:32.000+09:00,https://daoift3qrrnil.cloudfront.net/content_images/images/000/290/707/webp/%EA%B3%B5%EA%B3%A0%EB%AC%B8_%EC%BA%A1%EC%B3%90%EB%B3%B8_%EC%B5%9C%EC%A2%85.webp?1737351607
자소설,96416,IT/인터넷,임시,임시,코오롱베니트,임시,https://daoift3qrrnil.cloudfront.net/company_groups/images/000/001/476/webp/10__KOLON_Benit-02.webp?1684485481,2025년 상반기 채용연계형 인턴 모집,img,,https://dream.kolon.com,2025-01-22T09:00:00.000+09:00,2025-02-04T23:59:00.000+09:00,2025-01-20T14:14:57.000+09:00,https://daoift3qrrnil.cloudfront.net/content_images/images/000/290/922/webp/2025%EB%85%84_%EC%83%81%EB%B0%98%EA%B8%B0_%EC%B1%84%EC%9A%A9%EC%97%B0%EA%B3%84%ED%98%95_%EC%9D%B8%ED%84%B4_%EC%B1%84%EC%9A%A9%EA%B3%B5%EA%B3%A0%EB%AC%B8_20250120_v0.2.webp?1737363586
자소설,96415,IT/인터넷,임시,임시,새마을금고중앙회,임시,https://daoift3qrrnil.cloudfront.net/company_groups/images/000/001/235/webp/%EC%83%88%EB%A7%88%EC%9D%84%EA%B8%88%EA%B3%A0%EC%A4%91%EC%95%99%ED%9A%8C_CI.webp?1684485372,2025년 신입직원(일반/IT) 공채,img,,https://www.kfcc.co.kr/recruit/rec0095.do,2025-01-22T12:00:00.000+09:00,2025-02-10T14:00:00.000+09:00,2025-01-20T14:04:13.000+09:00,https://daoift3qrrnil.cloudfront.net/content_images/images/000/291/210/webp/2025%EB%85%84_%EC%9D%BC%EB%B0%98%EC%A7%81_%EC%8B%A0%EC%9E%85%EC%A7%81%EC%9B%90_%EA%B3%B5%EC%B1%84_%EA%B3%B5%EA%B3%A0%EB%AC%B8_%EC%9D%B4%EB%AF%B8%EC%A7%80(%EC%88%98%EC%A0%95%EB%B3%B8)_.webp?1737505704
자소설,96411,IT/인터넷,임시,임시,비나우,임시,https://daoift3qrrnil.cloudfront.net/company_groups/images/000/011/731/webp/%28%EC%A3%BC%29%EB%B9%84%EB%82%98%EC%9A%B0_%EB%A1%9C%EA%B3%A0.webp?1684488095,25년 1분기 대졸 신입/경력 수시 채용,img,,https://www.benow.co.kr/career,2025-01-21T00:00:00.000+09:00,2025-02-04T23:59:00.000+09:00,2025-01-20T11:48:13.000+09:00,https://daoift3qrrnil.cloudfront.net/content_images/images/000/290/652/webp/25%EB%85%84_1%EB%B6%84%EA%B8%B0_%EC%B1%84%EC%9A%A9_%EA%B3%B5%EA%B3%A0_%EC%8B%9C%EC%95%88_%EC%B5%9C%EC%A2%85.webp?1737340994
자소설,96404,IT/인터넷,임시,임시,한국지식재산보호원,임시,https://daoift3qrrnil.cloudfront.net/company_groups/images/000/003/666/webp/%EA%B7%B8%EB%A6%BC1.webp?1684486348,제2차 인력채용 공고,img,,https://www.koipa.re.kr/home/board/brdDetail.do?menu_cd=000043&num=6346,2025-01-17T00:00:00.000+09:00,2025-01-31T11:00:00.000+09:00,2025-01-20T09:31:38.000+09:00,https://daoift3qrrnil.cloudfront.net/content_images/images/000/290/475/webp/2025%EB%85%84%EB%8F%84_%EC%A0%9C2%EC%B0%A8_%EC%9D%B8%EB%A0%A5%EC%B1%84%EC%9A%A9_%EA%B3%B5%EA%B3%A0%EB%AC%B8.webp?1737108730
자소설,96400,IT/인터넷,임시,임시,한국토지신탁,임시,https://daoift3qrrnil.cloudfront.net/company_groups/images/000/001/030/webp/238112_46628_4859.webp?1699323139,2025년 신입 및 경력직 채용 공고,img,,https://recruit.koreit.co.kr,2025-01-20T13:00:00.000+09:00,2025-02-03T18:00:00.000+09:00,2025-01-17T16:41:41.000+09:00,https://daoift3qrrnil.cloudfront.net/content_images/images/000/290/447/webp/koreit_rec2.webp?1737099533
자소설,96394,IT/인터넷,임시,임시,영남대학교,임시,https://daoift3qrrnil.cloudfront.net/company_groups/images/000/002/569/webp/%E1%84%8B%E1%85%A7%E1%86%BC%E1%84%83%E1%85%A2.webp?1684485927,2025학년도 정규직원 신규채용,img,,https://adm.yu.ac.kr/adm/jsp/empl/StafEmplPoolLogin.jsp,2025-02-07T10:00:00.000+09:00,2025-02-13T17:00:00.000+09:00,2025-01-17T15:17:30.000+09:00,https://daoift3qrrnil.cloudfront.net/content_images/images/000/290/409/webp/2025%EC%98%81%EB%82%A8%EB%8C%80-%EC%A0%95%EA%B7%9C%EC%A7%81%EC%9B%90-%EC%8B%A0%EA%B7%9C%EC%B1%84%EC%9A%A9_.webp?1737094537
자소설,96392,IT/인터넷,임시,임시,한국조폐공사(KOMSCO),임시,https://daoift3qrrnil.cloudfront.net/company_groups/images/000/000/882/webp/ci_%E1%84%92%E1%85%A1%E1%86%AB%E1%84%80%E1%85%AE%E1%86%A8%E1%84%8C%E1%85%A9%E1%84%91%E1%85%A8%E1%84%80%E1%85%A9%E1%86%BC%E1%84%89%E1%85%A1.webp?1684485278,2025년도 신입직원(채용형인턴) 채용공고,img,,https://www.komsco.com/kor/88/recruitment,2025-01-22T14:00:00.000+09:00,2025-02-03T14:00:00.000+09:00,2025-01-17T15:07:48.000+09:00,https://daoift3qrrnil.cloudfront.net/content_images/images/000/290/404/webp/%ED%95%9C%EA%B5%AD%EC%A1%B0%ED%8F%90%EA%B3%B5%EC%82%AC_%EC%8B%A0%EC%9E%85%EC%A7%81%EC%9B%90(%EC%B1%84%EC%9A%A9%ED%98%95%EC%9D%B8%ED%84%B4)_%EC%B1%84%EC%9A%A9%EA%B3%B5%EA%B3%A0_%EC%9B%B9%ED%94%8C%EB%9D%BC%EC%9D%B4%EC%96%B4_F.webp?1737093993
자소설,96390,IT/인터넷,임시,임시,현대오토에버,임시,https://daoift3qrrnil.cloudfront.net/company_groups/images/000/000/269/webp/logo2_%282%29.webp?1700813561,2025년 상반기 신입 개발자 집중 채용,img,,https://recruit.hyundai-autoever.com/?page=156184575&list=270136750&scroll=0&id=1587246&locale=ko,2025-01-21T09:00:00.000+09:00,2025-02-03T13:00:00.000+09:00,2025-01-17T13:04:55.000+09:00,https://daoift3qrrnil.cloudfront.net/content_images/images/000/291/581/webp/(%ED%98%84%EB%8C%80%EC%98%A4%ED%86%A0%EC%97%90%EB%B2%84)_2025%EB%85%84_%EC%83%81%EB%B0%98%EA%B8%B0_%ED%98%84%EB%8C%80%EC%98%A4%ED%86%A0%EC%97%90%EB%B2%84_%EC%8B%A0%EC%9E%85_%EA%B0%9C%EB%B0%9C%EC%9E%90_%EC%A7%91%EC%A4%91_%EC%B1%84%EC%9A%A9_%EA%B3%B5%EA%B3%A0_(1).webp?1737616633
자소설,96389,IT/인터넷,임시,임시,에이치알에스코리아,임시,https://daoift3qrrnil.cloudfront.net/company_groups/images/000/002/395/webp/logo01.webp?1692773135,2025 공개채용 (신입/경력) 모집,img,,https://hirose.career.greetinghr.com/,2025-01-17T00:00:00.000+09:00,2025-02-02T23:59:00.000+09:00,2025-01-17T13:03:52.000+09:00,https://daoift3qrrnil.cloudfront.net/content_images/images/000/290/382/webp/%EC%97%90%EC%9D%B4%EC%B9%98%EC%95%8C%EC%97%90%EC%8A%A4%EC%BD%94%EB%A6%AC%EC%95%84_%EC%99%B8%EB%B6%80.webp?1737086448
자소설,96385,IT/인터넷,임시,임시,쎄트렉아이,임시,https://daoift3qrrnil.cloudfront.net/company_groups/images/000/003/926/webp/%EC%B5%9C%EC%A2%85CI_%EC%9A%A9%EB%9F%89_%EC%A4%84%EC%9D%B8%EB%B2%84%EC%A0%84.webp?1684486451,계약직 채용,img,,https://satreci.recruiter.co.kr/career/jobs/42048,2025-01-20T10:00:00.000+09:00,2025-02-02T23:59:00.000+09:00,2025-01-17T09:34:06.000+09:00,https://daoift3qrrnil.cloudfront.net/content_images/images/000/290/339/webp/%E1%84%80%E1%85%A8%E1%84%8B%E1%85%A3%E1%86%A8%E1%84%8C%E1%85%B5%E1%86%A8_%E1%84%8E%E1%85%A2%E1%84%8B%E1%85%AD%E1%86%BC_%E1%84%80%E1%85%A9%E1%86%BC%E1%84%80%E1%85%A9%E1%84%86%E1%85%AE%E1%86%AB.webp?1737073939
자소설,96384,IT/인터넷,임시,임시,쎄트렉아이,임시,https://daoift3qrrnil.cloudfront.net/company_groups/images/000/003/926/webp/%EC%B5%9C%EC%A2%85CI_%EC%9A%A9%EB%9F%89_%EC%A4%84%EC%9D%B8%EB%B2%84%EC%A0%84.webp?1684486451,2025년 상반기 경력직 채용,img,,https://satreci.recruiter.co.kr/career/jobs/41015,2025-01-20T10:00:00.000+09:00,2025-02-02T23:59:00.000+09:00,2025-01-17T08:57:14.000+09:00,https://daoift3qrrnil.cloudfront.net/content_images/images/000/290/335/webp/%EA%B2%BD%EB%A0%A5_%EC%B1%84%EC%9A%A9_%EA%B3%B5%EA%B3%A0%EB%AC%B8.webp?1737071529
자소설,96368,IT/인터넷,임시,임시,보험개발원,임시,https://daoift3qrrnil.cloudfront.net/company_groups/images/000/000/471/webp/h_logo.webp?1684484716,신입직 직원 채용 공고,img,,https://kidi.incruit.com/main/main.asp,2025-01-20T10:00:00.000+09:00,2025-02-02T23:59:00.000+09:00,2025-01-16T12:56:25.000+09:00,https://daoift3qrrnil.cloudfront.net/content_images/images/000/290/218/webp/%EC%B1%84%EC%9A%A9%EA%B3%B5%EA%B3%A0_250120.webp?1736999709
자소설,96361,IT/인터넷,임시,임시,금호타이어,임시,https://daoift3qrrnil.cloudfront.net/company_groups/images/000/006/176/webp/kumhotires_ci_down.webp?1684487250,25년 1분기 수시채용(신입/경력),img,,https://kumhotire.recruiter.co.kr/career/jobs/42548,2025-01-15T17:26:00.000+09:00,2025-02-02T23:59:00.000+09:00,2025-01-15T17:42:38.000+09:00,https://daoift3qrrnil.cloudfront.net/content_images/images/000/290/147/webp/aa40ec43-db44-466a-9236-19ddb892e780.webp?1736929689
자소설,96360,IT/인터넷,임시,임시,SK C&C,임시,https://daoift3qrrnil.cloudfront.net/company_groups/images/000/000/146/webp/%EB%A1%9C%EA%B3%A0.webp?1684484647,2025년 Junior Talent Fast Track 채용,img,,https://www.skcareers.com/Recruit/Detail/R250059,2025-01-17T00:00:00.000+09:00,2025-01-30T23:59:00.000+09:00,2025-01-15T16:55:26.000+09:00,https://daoift3qrrnil.cloudfront.net/content_images/images/000/290/397/webp/_0117__SK_C_C_%E1%84%8E%E1%85%A2%E1%84%8B%E1%85%AD%E1%86%BC%E1%84%80%E1%85%A9%E1%86%BC%E1%84%80%E1%85%A9%E1%84%86%E1%85%AE%E1%86%AB.webp?1737091308
자소설,96339,IT/인터넷,임시,임시,세일즈포스코리아,임시,https://daoift3qrrnil.cloudfront.net/company_groups/images/000/015/226/webp/Salesforce_Corporate_Logo_RGB.webp?1697186553,CRM 글로벌 공인 교육으로 25년 취업시장을 준비하세요 [청년CRM101 4기 모집],img,,http://youth-crm101.com,2025-01-20T00:00:00.000+09:00,2025-02-26T23:59:00.000+09:00,2025-01-14T11:20:06.000+09:00,https://daoift3qrrnil.cloudfront.net/content_images/images/000/295/750/webp/_4%E1%84%80%E1%85%B5_%E1%84%86%E1%85%A9%E1%84%8C%E1%85%B5%E1%86%B8%E1%84%91%E1%85%A9%E1%84%89%E1%85%B3%E1%84%90%E1%85%A5_250109_2_(1).webp?1740476377
자소설,96337,IT/인터넷,임시,임시,한국투자공사,임시,https://daoift3qrrnil.cloudfront.net/employment_companies/images/000/096/337/webp/KIC_CI_02.webp?1736818868,2025년도 청년인턴 채용공고,img,,https://kicrecruit.fairyhr.com/,2025-01-14T15:00:00.000+09:00,2025-02-04T17:00:00.000+09:00,2025-01-14T10:41:07.000+09:00,https://daoift3qrrnil.cloudfront.net/content_images/images/000/289/928/webp/2025%EB%85%84%EB%8F%84_%ED%95%9C%EA%B5%AD%ED%88%AC%EC%9E%90%EA%B3%B5%EC%82%AC_%EC%B2%AD%EB%85%84%EC%9D%B8%ED%84%B4_%EC%B1%84%EC%9A%A9_%EA%B3%B5%EA%B3%A0%EB%AC%B8_%EC%9D%B4%EB%AF%B8%EC%A7%80.webp?1736817170
자소설,96329,IT/인터넷,임시,임시,가비아,임시,https://daoift3qrrnil.cloudfront.net/company_groups/images/000/003/312/webp/gabia_bk.webp?1736750871,2025 채용 연계형 인턴 채용,img,,https://careers.gabia.com/recruit/jobs,2025-01-15T00:00:00.000+09:00,2025-02-02T23:59:00.000+09:00,2025-01-13T15:01:44.000+09:00,https://daoift3qrrnil.cloudfront.net/content_images/images/000/289/848/webp/%EC%B1%84%EC%9A%A9%EA%B3%B5%EA%B3%A0_900.webp?1736747788
자소설,96317,IT/인터넷,임시,임시,한화비전,임시,https://daoift3qrrnil.cloudfront.net/company_groups/images/000/002/557/webp/News-Hanwha-Vision_thumbnail-1-600x405.webp?1684485922, Vision's Edge Device Academy 2기 모집,img,,http://vedacademy.co.kr,2025-01-20T00:00:00.000+09:00,2025-02-10T23:59:00.000+09:00,2025-01-10T16:02:13.000+09:00,https://daoift3qrrnil.cloudfront.net/content_images/images/000/290/449/webp/250116_%ED%95%9C%ED%99%94-%EC%9B%B9%ED%8F%AC%EC%8A%A4%ED%84%B0.webp?1737101057
자소설,96314,IT/인터넷,임시,임시,한국소프트웨어산업협회,임시,https://daoift3qrrnil.cloudfront.net/company_groups/images/000/015/154/webp/new%E1%84%92%E1%85%A7%E1%86%B8%E1%84%92%E1%85%AC_%E1%84%85%E1%85%A9%E1%84%80%E1%85%A9_%E1%84%89%E1%85%B5%E1%86%B7%E1%84%87%E1%85%A5%E1%86%AF.webp?1689578222,회원사 채용연계형과정 교육생 모집,img,,https://www.sw.or.kr/site/sw/edu/selectEduNewListGallery.do,2025-01-10T09:33:00.000+09:00,2025-02-06T23:59:00.000+09:00,2025-01-10T15:24:25.000+09:00,https://daoift3qrrnil.cloudfront.net/content_images/images/000/289/587/webp/001.webp?1736488699
자소설,96307,IT/인터넷,임시,임시,한화에어로스페이스,임시,https://daoift3qrrnil.cloudfront.net/company_groups/images/000/004/216/webp/news-p.v1.20221031.6c2eb1acddb1475d8522211403fe576e_P1.webp?1700665842,2025년 글로벌 신입 (해외대 유학생) 채용,img,,https://bit.ly/40c80Su,2025-01-13T09:00:00.000+09:00,2025-01-31T15:00:00.000+09:00,2025-01-10T09:51:38.000+09:00,https://daoift3qrrnil.cloudfront.net/content_images/images/000/289/504/webp/24%ED%95%98_12_%ED%95%9C%ED%99%94%EC%97%90%EC%96%B4%EB%A1%9C%EC%8A%A4%ED%8E%98%EC%9D%B4%EC%8A%A4_%EA%B8%80%EB%A1%9C%EB%B2%8C%EC%B1%84%EC%9A%A9_%EC%9B%B9%ED%94%8C%EB%9D%BC%EC%9D%B4%EC%96%B4_V10.webp?1736470071
자소설,96229,IT/인터넷,임시,임시,한국정보보호산업협회,임시,https://daoift3qrrnil.cloudfront.net/company_groups/images/000/013/773/webp/ci.webp?1691644543,시큐리티 아카데미 5기 직무트랙,img,,https://docs.google.com/forms/d/e/1FAIpQLSerqErajaSh_L318NRNBpfW-LH8smOAB1wl0jORvxMozkDr8w/viewform,2025-01-06T09:00:00.000+09:00,2025-02-02T23:59:00.000+09:00,2025-01-06T08:25:04.000+09:00,https://daoift3qrrnil.cloudfront.net/content_images/images/000/288/853/webp/%EC%8B%9C%ED%81%90%EB%A6%AC%ED%8B%B0%EC%95%84%EC%B9%B4%EB%8D%B0%EB%AF%B8_5%EA%B8%B0%EC%A7%81%EB%AC%B4%ED%8A%B8%EB%9E%99_%ED%8F%AC%EC%8A%A4%ED%84%B0.webp?1736119449
자소설,96218,IT/인터넷,임시,임시,한국소프트웨어산업협회,임시,https://daoift3qrrnil.cloudfront.net/company_groups/images/000/015/154/webp/new%E1%84%92%E1%85%A7%E1%86%B8%E1%84%92%E1%85%AC_%E1%84%85%E1%85%A9%E1%84%80%E1%85%A9_%E1%84%89%E1%85%B5%E1%86%B7%E1%84%87%E1%85%A5%E1%86%AF.webp?1689578222,인스웨이브시스템즈 채용연계형 MSA기반 Full Stack 개발 전문가 양성 과정 1차 교육생 모집,img,,https://www.sw.or.kr/site/sw/edu/selectEduNewView.do?eduNo=1833,2025-01-02T09:00:00.000+09:00,2025-02-02T23:59:00.000+09:00,2025-01-03T16:33:37.000+09:00,https://daoift3qrrnil.cloudfront.net/content_images/images/000/288/717/webp/001.webp?1735889208
자소설,96217,IT/인터넷,임시,임시,야놀자,임시,https://daoift3qrrnil.cloudfront.net/company_groups/images/000/004/244/webp/Yanolja_Logo_Mono_Black_RGB_WIP.webp?1714013418,[Yanolja Cloud Go Global] Backend Developer,img,,https://careers.yanolja.co/o/141362,2025-01-03T16:20:00.000+09:00,2025-02-18T10:59:06.000+09:00,2025-01-03T16:33:12.000+09:00,https://daoift3qrrnil.cloudfront.net/business_employment_companies/images/000/045/833/original/Yanolja_Logo_Mono_Black_RGB_WIP.png?1735889067
자소설,96204,IT/인터넷,임시,임시,야놀자,임시,https://daoift3qrrnil.cloudfront.net/company_groups/images/000/004/244/webp/Yanolja_Logo_Mono_Black_RGB_WIP.webp?1714013418,SAP ERP FI 운영 담당자 (육아휴직 대체 / 1년 계약직),img,,https://careers.yanolja.co/,2025-01-02T15:11:00.000+09:00,2025-03-01T23:59:00.000+09:00,2025-01-02T15:36:39.000+09:00,https://daoift3qrrnil.cloudfront.net/business_employment_companies/images/000/045/816/original/Yanolja_Logo_Mono_Black_RGB_WIP.png?1735798696
자소설,96203,IT/인터넷,임시,임시,이크레더블,임시,https://daoift3qrrnil.cloudfront.net/company_groups/images/000/007/642/webp/ecredible-b-kr-eng.webp?1721006675,"DX전략(DBA, IT기획) 및 개발 부문 경력사원 채용",img,,https://www.jobkorea.co.kr/Recruit/GI_Read/46204030?Oem_Code=C1,2025-01-02T12:51:00.000+09:00,2025-02-02T23:59:00.000+09:00,2025-01-02T13:06:37.000+09:00,https://daoift3qrrnil.cloudfront.net/content_images/images/000/288/529/webp/FireShot_Capture_8582_-_%EC%9D%B4%ED%81%AC%EB%A0%88%EB%8D%94%EB%B8%94_%EC%B1%84%EC%9A%A9_-_%EC%9D%B4%ED%81%AC%EB%A0%88%EB%8D%94%EB%B8%94_DX_%EC%A0%84%EB%9E%B5(DBA__IT%EA%B8%B0%ED%9A%8D)_%EB%B0%8F_%EA%B0%9C%EB%B0%9C_%EB%B6%80%EB%AC%B8_%EA%B2%BD%EB%A0%A5%EC%82%AC%EC%9B%90_%EC%B1%84%EC%9A%A9_-_%EC%9E%A1%EC%BD%94%EB%A6%AC%EC%95%84__-_www.jobkorea.co.kr.webp?1735790842
자소설,96120,IT/인터넷,임시,임시,토스페이먼츠,임시,https://daoift3qrrnil.cloudfront.net/company_groups/images/000/011/994/webp/icon-toss-logo_%281%29.webp?1684488186,[비바리퍼블리카(토스) 자회사] QA Assistant,img,,https://toss.im/career/job-detail?job_id=5246981003&&utm_source=jasoseol&utm_medium=post&utm_campaign=2412_qaa,2024-12-20T15:07:00.000+09:00,2025-02-19T23:59:00.000+09:00,2024-12-20T15:57:44.000+09:00,https://daoift3qrrnil.cloudfront.net/content_images/images/000/287/460/webp/qaa750.webp?1734674864
자소설,96114,IT/인터넷,임시,임시,토스페이먼츠,임시,https://daoift3qrrnil.cloudfront.net/company_groups/images/000/011/994/webp/icon-toss-logo_%281%29.webp?1684488186,[비바리퍼블리카(토스) 자회사] QA Specialist,img,,https://toss.im/career/job-detail?job_id=4189515003&&utm_source=jasoseol&utm_medium=post&utm_campaign=2412_QAS,2024-12-20T12:11:00.000+09:00,2025-02-19T23:59:00.000+09:00,2024-12-20T12:25:33.000+09:00,https://daoift3qrrnil.cloudfront.net/content_images/images/000/287/441/webp/QAS750.webp?1734664444
자소설,96099,IT/인터넷,임시,임시,넥스트챕터,임시,https://daoift3qrrnil.cloudfront.net/company_groups/images/000/015/268/webp/logo_square2.webp?1702955870,소프트웨어 엔지니어(인턴),img,,https://careers.tonextchapter.com/o/136777,2024-12-28T14:06:00.000+09:00,2025-02-27T23:59:00.000+09:00,2024-12-19T14:53:32.000+09:00,https://daoift3qrrnil.cloudfront.net/content_images/images/000/287/337/webp/careers.tonextchapter.com_home_%2818%29.webp?1734584820
자소설,96090,IT/인터넷,임시,임시,넥스트챕터,임시,https://daoift3qrrnil.cloudfront.net/company_groups/images/000/015/268/webp/logo_square2.webp?1702955870,상품기획 인턴,img,,https://careers.tonextchapter.com/o/86826,2024-12-24T13:46:00.000+09:00,2025-02-23T23:59:00.000+09:00,2024-12-19T14:25:11.000+09:00,https://daoift3qrrnil.cloudfront.net/content_images/images/000/287/324/webp/careers.tonextchapter.com_home_%2810%29.webp?1734583690
자소설,95960,IT/인터넷,임시,임시,토스페이먼츠,임시,https://daoift3qrrnil.cloudfront.net/company_groups/images/000/011/994/webp/icon-toss-logo_%281%29.webp?1684488186,[비바리퍼블리카(토스) 자회사]Information Security Manager,img,,https://toss.im/career/job-detail?job_id=6023706003&company=%ED%86%A0%EC%8A%A4%ED%8E%98%EC%9D%B4%EB%A8%BC%EC%B8%A0&&utm_source=jasoseol&utm_medium=post&utm_campaign=2412_ISM,2024-12-11T10:57:00.000+09:00,2025-02-07T16:39:50.000+09:00,2024-12-11T11:01:43.000+09:00,https://daoift3qrrnil.cloudfront.net/content_images/images/000/286/441/webp/750ISM.webp?1733882427
자소설,95911,IT/인터넷,임시,임시,쿠어스텍코리아,임시,https://daoift3qrrnil.cloudfront.net/company_groups/images/000/013/719/webp/65251_logo_2.webp?1684488547,IT Specialist 신입/경력 채용,img,,https://jasoseol.com/recruit/95911,2024-12-06T08:00:00.000+09:00,2025-02-05T23:59:00.000+09:00,2024-12-06T14:33:46.000+09:00,https://daoift3qrrnil.cloudfront.net/business_employment_companies/images/000/045/544/original/Coorstek_Logo_jpg.jpg?1733463080
자소설,95892,IT/인터넷,임시,임시,야놀자,임시,https://daoift3qrrnil.cloudfront.net/company_groups/images/000/004/244/webp/Yanolja_Logo_Mono_Black_RGB_WIP.webp?1714013418,DBA,img,,https://careers.yanolja.co/o/128435,2024-12-05T09:10:00.000+09:00,2025-02-04T23:59:00.000+09:00,2024-12-05T09:35:23.000+09:00,https://daoift3qrrnil.cloudfront.net/business_employment_companies/images/000/045/522/original/Yanolja_Logo_Mono_Black_RGB_WIP.png?1733358427
자소설,95852,IT/인터넷,임시,임시,토스페이먼츠,임시,https://daoift3qrrnil.cloudfront.net/company_groups/images/000/011/994/webp/icon-toss-logo_%281%29.webp?1684488186,[비바리퍼블리카(토스) 자회사] Server Developer (3년 이하),img,,https://toss.im/career/job-detail?job_id=4071141003&company=%ED%86%A0%EC%8A%A4%ED%8E%98%EC%9D%B4%EB%A8%BC%EC%B8%A0&detailedPosition=3%EB%85%84%20%EC%9D%B4%ED%95%98&&utm_source=jasoseol&utm_medium=post&utm_campaign=2411_SD,2024-11-29T16:20:00.000+09:00,2025-01-28T23:59:00.000+09:00,2024-11-29T16:31:09.000+09:00,https://daoift3qrrnil.cloudfront.net/content_images/images/000/285/302/webp/1128_SD_860.webp?1732864952
자소설,95841,IT/인터넷,임시,임시,레브잇,임시,https://daoift3qrrnil.cloudfront.net/company_groups/images/000/014/736/webp/%EB%A0%88%EB%B8%8C%EC%9E%87_%EB%A1%9C%EA%B3%A02.webp?1687236873,인턴/주니어 적극 채용,img,,https://team.alwayz.co/apply,2024-11-29T10:00:00.000+09:00,2025-01-29T23:59:00.000+09:00,2024-11-29T10:52:31.000+09:00,https://daoift3qrrnil.cloudfront.net/content_images/images/000/285/237/webp/%EB%A0%88%EB%B8%8C%EC%9E%87_241129.webp?1732847056
